time,pitch_ref_deg,pitch_deg,v_ref_mps,v_mps
0.0,0.0,0.0,0.0,0.0
0.02,0.0,0.04718266129767365,0.0,-0.003362131251416598
0.04,0.0,0.026497028421996978,0.0,-0.0039451758328319896
0.06,0.0,-0.010881785853406722,0.0,-0.0018067703541179783
0.08,0.0,-0.01895435834917071,0.0,-0.0018165687872639487
0.1,0.0,-0.024530900621762386,0.0,-0.0015974156389563096
0.12,0.0,-0.018748236846301083,0.0,-0.0004828718611752515
0.14,0.0,0.005514891193951411,0.0,0.0025628062219883938
0.16,0.0,0.03012652254281805,0.0,0.0053431138523479076
0.18,0.0,0.039997572054141936,0.0,0.0023800623712799452
0.2,0.0,0.004076477724052022,0.0,-0.0026837254413304723
0.22,0.0,-0.03928944827992323,0.0,-0.003596785435933907
0.24,0.0,-0.020387977850394656,0.0,-0.005195843792330786
0.26,0.0,0.008582759979569594,0.0,-0.00485277698679574
0.28,0.0,-0.04160934299299053,0.0,-0.007213847821833717
0.3,0.0,-0.007547875111469534,0.0,-0.010155688570220325
0.32,0.0,-0.018071054539517788,0.0,-0.010294975220555544
0.34,0.0,0.002492391887372599,0.0,-0.005941815165347371
0.36,0.0,-0.016019131217248277,0.0,-0.005245139888006977
0.38,0.0,-0.04032041623579509,0.0,-0.00435508049958807
0.4,0.0,-0.09400120637644098,0.0,-0.007275290908811866
0.42,0.0,-0.061545827176304906,0.0,-0.005086584608412923
0.44,0.0,-0.008766128165791455,0.0,-0.0013120187910996887
0.46,0.0,0.066140421060455,0.0,-0.0011922885190970708
0.48,0.0,0.052517737250239116,0.0,-0.004143463205833383
0.5,0.0,0.037798623915684185,0.0,-0.005887871679311493
0.52,0.0,0.01624986655569587,0.0,-0.0009425703098799041
0.54,0.0,0.0005620987578183224,0.0,-0.004196209882412453
0.56,0.0,-0.07697021417078334,0.0,0.0001027217246455949
0.58,0.0,-0.07740010077754103,0.0,0.00331641501247645
0.6,0.0,-0.10899872363030899,0.0,0.004260323175359456
0.62,0.0,-0.1080024814868221,0.0,0.005013756308107742
0.64,0.0,-0.16823089516221085,0.0,0.0038542169688595075
0.66,0.0,-0.18851056025966367,0.0,0.006878939509195595
0.68,0.0,-0.12835856055088868,0.0,0.005102065365087484
0.7000000000000001,0.0,-0.208797245982447,0.0,0.005568794452722853
0.72,0.0,-0.16796812291200014,0.0,0.005605087170457037
0.74,0.0,-0.17560938909915022,0.0,0.0019942738278534012
0.76,0.0,-0.21755183236608633,0.0,-0.0008547061086370104
0.78,0.0,-0.19592174340102378,0.0,-0.0008430333902113296
0.8,0.0,-0.23157038082294465,0.0,0.0014231070948643525
0.8200000000000001,0.0,-0.18516623191625875,0.0,0.001278369758937818
0.84,0.0,-0.12828211723566463,0.0,0.004061095751284233
0.86,0.0,-0.12563962128911338,0.0,0.000868824949478575
0.88,0.0,-0.11536764582128989,0.0,-0.0036653120930289643
0.9,0.0,-0.1233110722818188,0.0,-0.004090225654418507
0.92,0.0,-0.05270288547180006,0.0,-0.0061214823797353535
0.9400000000000001,0.0,-0.1073075698219082,0.0,-0.005262858798124551
0.96,0.0,-0.09960535897781189,0.0,-0.005951712370775756
0.98,0.0,-0.0751119650951724,0.0,-0.01131123118092454
1.0,0.0,-0.06361104795585688,0.0,-0.005048522620213082
1.02,0.0,-0.013253542353116585,0.0,-0.002857443887713183
1.04,0.0,-0.029495918295675133,0.0,-0.0027001870537569353
1.06,0.0,0.068952864537125,0.0,0.0018127122420019005
1.08,0.0,0.08162493998695056,0.0,0.0001955772681799426
1.1,0.0,0.09938534469046634,0.0,-0.00017964002394149569
1.12,0.0,0.05577868163013381,0.0,0.004555904934578434
1.1400000000000001,0.0,0.03798557738035419,0.0,0.0024718774205944637
1.16,0.0,0.06490958126345445,0.0,0.005199174214975169
1.18,0.0,0.01850863117535516,0.0,0.002451752794760441
1.2,0.0,0.04293263473480856,0.0,0.0022677369443282126
1.22,0.0,0.04291284621033495,0.0,0.008198778812840217
1.24,0.0,-0.001306792232701172,0.0,0.007760261666508406
1.26,0.0,-0.017152547631382763,0.0,0.009023975212997411
1.28,0.0,0.020544288178437044,0.0,0.006457729307102306
1.3,0.0,0.04004807321078088,0.0,0.0053422453932771615
1.32,0.0,0.026069890471450637,0.0,0.01010489227094126
1.34,0.0,0.042093339064716656,0.0,0.010470258830088666
1.36,0.0,0.06475447059186747,0.0,0.009547907887234506
1.3800000000000001,0.0,0.06741753809367551,0.0,0.008603517471384662
1.4000000000000001,0.0,0.06996201719693214,0.0,0.004980919253163004
1.42,0.0,0.09963201079977445,0.0,0.006518591668717193
1.44,0.0,0.16759213354199684,0.0,0.004273100491781873
1.46,0.0,0.16952011249057805,0.0,0.001592843079734368
1.48,0.0,0.08823437008677294,0.0,0.000845459944946309
1.5,0.0,0.06701701796740459,0.0,0.002003275375870869
1.52,0.0,0.019991150635757064,0.0,0.0019297783083655202
1.54,0.0,0.008642930127493235,0.0,0.001166063460101977
1.56,0.0,-0.034112897875853275,0.0,-0.00043544965362112085
1.58,0.0,-0.01337342339358423,0.0,-0.0017988490725755356
1.6,0.0,0.00392527548972983,0.0,-0.0014075109187527202
1.62,0.0,-0.0074191860332049,0.0,0.001810095582571656
1.6400000000000001,0.0,0.005403784296763998,0.0,0.0019224708245350766
1.6600000000000001,0.0,0.08961682021869256,0.0,0.004710782681279024
1.68,0.0,0.09330880508475267,0.0,-0.001160957828793479
1.7,0.0,0.10958119895788816,0.0,0.0022496739640995387
1.72,0.0,0.10710021611807442,0.0,0.008263866948761524
1.74,0.0,0.17118766421534337,0.0,0.002316913785773426
1.76,0.0,0.208555752366305,0.0,-0.00043787149004403557
1.78,0.0,0.23037071662151434,0.0,0.004676953106861218
1.8,0.0,0.213110028025011,0.0,0.0026147452648985665
1.82,0.0,0.18641128420208458,0.0,0.0031108103363029884
1.84,0.0,0.22941786746252257,0.0,0.0025244732539405814
1.86,0.0,0.20337967535026644,0.0,0.0057001834354226824
1.8800000000000001,0.0,0.18927287119206762,0.0,0.00850645665580253
1.9000000000000001,0.0,0.1716947062987389,0.0,0.013979841985104782
1.92,0.0,0.18401226400813073,0.0,0.012532422449276262
1.94,0.0,0.11827913956840458,0.0,0.009809036847781163
1.96,0.0,0.11542279709304719,0.0,0.009474876423617638
1.98,0.0,0.06138008326324546,0.0,0.009655805418540756
2.0,0.0,0.0715040851641439,0.45,0.002848658379107266
2.02,0.0,0.4901317183287006,0.45,0.02170791397742023
2.04,0.0,0.8793781291917718,0.45,0.042047121855942
2.06,0.0,1.193834505576561,0.45,0.05634087641365524
2.08,0.0,1.4828474826419202,0.45,0.07103980297260883
2.1,0.0,1.7733962866543156,0.45,0.08112706363797807
2.12,0.0,2.0881525079569965,0.45,0.09709917032341349
2.14,0.0,2.3204233322753898,0.45,0.11029702377643855
2.16,0.0,2.458470077559479,0.45,0.11879572940668458
2.18,0.0,2.6334420351308636,0.45,0.13384859378915479
2.2,0.0,2.763167070235323,0.45,0.14687229727890994
2.22,0.0,2.8597101625952868,0.45,0.15618042023646994
2.24,0.0,2.89873804503409,0.45,0.16863016677971795
2.2600000000000002,0.0,2.9239784326661744,0.45,0.17372786087537753
2.2800000000000002,0.0,2.9461899542462873,0.45,0.1838011236695981
2.3000000000000003,0.0,2.9029434177862443,0.45,0.18873549483935004
2.32,0.0,2.830478823891176,0.45,0.19560791453651857
2.34,0.0,2.764686679664156,0.45,0.2021490386126841
2.36,0.0,2.7230572867963265,0.45,0.21006146195966857
2.38,0.0,2.583364074575272,0.45,0.21928351824751924
2.4,0.0,2.4806376830555363,0.45,0.2228842327546485
2.42,0.0,2.272159853849474,0.45,0.23180842525602735
2.44,0.0,2.0866068974353063,0.45,0.23811954003955857
2.46,0.0,1.9063037547387869,0.45,0.25177059218436865
2.48,0.0,1.6851936976207649,0.45,0.2614628877180636
2.5,0.0,1.4806161751723466,0.45,0.2639964086249049
2.52,0.0,1.1896976541809268,0.45,0.266107668677069
2.54,0.0,0.9901260675558939,0.45,0.27248757840885535
2.56,0.0,0.7791576285416164,0.45,0.2782024386299053
2.58,0.0,0.5519887728329707,0.45,0.27956889546581215
2.6,0.0,0.3563187657417227,0.45,0.2906199539147168
2.62,0.0,0.11678451839230815,0.45,0.2954157295005223
2.64,0.0,-0.049927535303130724,0.45,0.3009256978306002
2.66,0.0,-0.2675832312316876,0.45,0.31360191223798206
2.68,0.0,-0.45784512242870745,0.45,0.31512018823260085
2.7,0.0,-0.6617672897359629,0.45,0.3193816429967044
2.72,0.0,-0.8574419680923363,0.45,0.32031959850662634
2.74,0.0,-1.0628274987983424,0.45,0.32275869766406456
2.7600000000000002,0.0,-1.2014705651945372,0.45,0.3295012011006069
2.7800000000000002,0.0,-1.2823303024113906,0.45,0.33385273318449477
2.8000000000000003,0.0,-1.3711497316155283,0.45,0.33854029343789577
2.82,0.0,-1.5216484477952044,0.45,0.34552298326083586
2.84,0.0,-1.6050552562900937,0.45,0.3489450160848576
2.86,0.0,-1.7152334041664263,0.45,0.35137397156217115
2.88,0.0,-1.7760189447258243,0.45,0.35705580527002434
2.9,0.0,-1.7780078642608597,0.45,0.35306591057261666
2.92,0.0,-1.732221253098734,0.45,0.35207291993328466
2.94,0.0,-1.6929256120969387,0.45,0.3525236757630763
2.96,0.0,-1.667996478956317,0.45,0.35554147042437023
2.98,0.0,-1.5955987200301929,0.45,0.3578782949936319
3.0,0.0,-1.527961101656281,0.45,0.3611688486621593
3.02,0.0,-1.3976148964540707,0.45,0.36731695098904643
3.04,0.0,-1.3252658798945114,0.45,0.3660767424835102
3.06,0.0,-1.2132013742409846,0.45,0.3693910988586079
3.08,0.0,-1.0399987605121,0.45,0.375796708214509
3.1,0.0,-0.8916325696962485,0.45,0.3781972254909579
3.12,0.0,-0.735133976200565,0.45,0.38089345271474173
3.14,0.0,-0.6475495194435948,0.45,0.3838326496781172
3.16,0.0,-0.5293708951848493,0.45,0.38175295916955015
3.18,0.0,-0.37548523485807267,0.45,0.38443818314175804
3.2,0.0,-0.2058404771074133,0.45,0.3865573105559786
3.22,0.0,-0.11483828524897721,0.45,0.38756151594224186
3.24,0.0,-0.042543809904646096,0.45,0.3925363076690559
3.2600000000000002,0.0,0.030284287348562616,0.45,0.3993212389664202
3.2800000000000002,0.0,0.1040915012317158,0.45,0.4063683730953098
3.3000000000000003,0.0,0.1955093535407784,0.45,0.40716507679373626
3.3200000000000003,0.0,0.28617507301208606,0.45,0.4145994231966873
3.34,0.0,0.40573878973462363,0.45,0.4130897782108288
3.36,0.0,0.4976991722187394,0.45,0.4145299237517747
3.38,0.0,0.6252754544300191,0.45,0.41386332468372894
3.4,0.0,0.6421242758251708,0.45,0.40965019937116925
3.42,0.0,0.8022823518138403,0.45,0.4157056212353379
3.44,0.0,0.8547194117795645,0.45,0.4154011449940228
3.46,0.0,0.8448369380094858,0.45,0.41205878760983106
3.48,0.0,0.8643652534756234,0.45,0.408610235180639
3.5,0.0,0.8354378640375067,0.45,0.40713116486395495
3.52,0.0,0.8203042288200082,0.45,0.4039141084730277
3.54,0.0,0.8256730769345367,0.45,0.40702117572910806
3.56,0.0,0.8426742711788195,0.45,0.4090263936940947
3.58,0.0,0.8659966098137647,0.45,0.41433871195704003
3.6,0.0,0.8210233448260661,0.45,0.4128853525829728
3.62,0.0,0.7654492009390047,0.45,0.4106246061209058
3.64,0.0,0.804083659262476,0.45,0.4098676340069076
3.66,0.0,0.7533426601175189,0.45,0.4084046584362218
3.68,0.0,0.6844881279361015,0.45,0.4082352360437061
3.7,0.0,0.6507751474773604,0.45,0.4094547744758391
3.72,0.0,0.5981292476235035,0.45,0.40655672564699846
3.74,0.0,0.481785895431932,0.45,0.40886430007802865
3.7600000000000002,0.0,0.41236814719868076,0.45,0.41091310594430935
3.7800000000000002,0.0,0.3411949031879456,0.45,0.41585904606588675
3.8000000000000003,0.0,0.2641079865011865,0.45,0.4123481673758341
3.8200000000000003,0.0,0.13681283509785197,0.45,0.4178896181282293
3.84,0.0,0.09510414683644494,0.45,0.42336844865758755
3.86,0.0,-0.003611870598869915,0.45,0.42597689396456745
3.88,0.0,-0.05478786533414368,0.45,0.42991090439096386
3.9,0.0,-0.11134678288449704,0.45,0.4355569819472277
3.92,0.0,-0.08169340800131947,0.45,0.4400020667871229
3.94,0.0,-0.19292318456096105,0.45,0.437711342222609
3.96,0.0,-0.25405123542496266,0.45,0.43659035369190363
3.98,0.0,-0.2774416813172391,0.45,0.4355002103484882
4.0,0.0,-0.2919603593623271,0.45,0.4285846209126749
4.0200000000000005,0.0,-0.3119727956344688,0.45,0.43024059869933695
4.04,0.0,-0.4565875676357318,0.45,0.43290241610211366
4.0600000000000005,0.0,-0.48751364276646986,0.45,0.43490436305084307
4.08,0.0,-0.4847257083283615,0.45,0.43574010341246994
4.1,0.0,-0.5201757911630864,0.45,0.4338971262016477
4.12,0.0,-0.5629746935009051,0.45,0.4355226063587882
4.14,0.0,-0.5624412396565261,0.45,0.4339439445012365
4.16,0.0,-0.6146942893253469,0.45,0.43443079646162924
4.18,0.0,-0.5841767113442844,0.45,0.43656286849800763
4.2,0.0,-0.5620773347129993,0.45,0.43424919335288276
4.22,0.0,-0.5416957886991338,0.45,0.4266857131112606
4.24,0.0,-0.49017952424543515,0.45,0.42729850353850857
4.26,0.0,-0.47190724924002414,0.45,0.42624370562718045
4.28,0.0,-0.4539229145278589,0.45,0.4248434551642159
4.3,0.0,-0.48958178444292716,0.45,0.42251371886079064
4.32,0.0,-0.47392588916082484,0.45,0.4235977290255437
4.34,0.0,-0.44813684467348336,0.45,0.41960408041459346
4.36,0.0,-0.42001556593276157,0.45,0.42267358115863396
4.38,0.0,-0.3580206361932083,0.45,0.4292693816796569
4.4,0.0,-0.32433075696711794,0.45,0.43423532211615246
4.42,0.0,-0.24114121770197355,0.45,0.4340549907006046
4.44,0.0,-0.16196405441764347,0.45,0.434284418407205
4.46,0.0,-0.06250550324227375,0.45,0.43351889276433925
4.48,0.0,-0.05221391914307881,0.45,0.4341303135152861
4.5,0.0,-0.08826192035242686,0.45,0.43506221311951787
4.5200000000000005,0.0,-0.0030262844148954294,0.45,0.4413819621232566
4.54,0.0,0.017984107626201666,0.45,0.4385739413036509
4.5600000000000005,0.0,0.10489253747692438,0.45,0.43405280871866625
4.58,0.0,0.12257444714134424,0.45,0.4324762862505816
4.6000000000000005,0.0,0.12059691542824699,0.45,0.43324675846186067
4.62,0.0,0.20504736303030552,0.45,0.434722453158608
4.64,0.0,0.18988657030506978,0.45,0.43634645812988304
4.66,0.0,0.2540332662483555,0.45,0.44122025136140747
4.68,0.0,0.27456857854166544,0.45,0.4451815426266055
4.7,0.0,0.26758867067072295,0.45,0.43895274355585
4.72,0.0,0.2657281031462687,0.45,0.4445351251153751
4.74,0.0,0.3129506692719095,0.45,0.4384622991298756
4.76,0.0,0.25277620497980396,0.45,0.43553991841394835
4.78,0.0,0.25969334191714577,0.45,0.42873558396897704
4.8,0.0,0.2758740131951498,0.45,0.4253938073829633
4.82,0.0,0.25132350251705754,0.45,0.4259332626797248
4.84,0.0,0.21540472763547533,0.45,0.4304843637502213
4.86,0.0,0.20646899708289818,0.45,0.4333733849758669
4.88,0.0,0.20733311977640206,0.45,0.43740250720383134
4.9,0.0,0.21421282290734248,0.45,0.4346639128235402
4.92,0.0,0.21191856825008926,0.45,0.4346026747571471
4.94,0.0,0.14528795073591727,0.45,0.43545092110242045
4.96,0.0,0.14760245754155837,0.45,0.43748494091678886
4.98,0.0,0.16685881589158202,0.45,0.4389783228510717
5.0,0.0,0.12989653137796875,0.45,0.4371265756556901
5.0200000000000005,0.0,0.07916789653243139,0.45,0.4401043531232575
5.04,0.0,0.03164121630346364,0.45,0.4509453746320508
5.0600000000000005,0.0,0.0041915124315903,0.45,0.4552984117306915
5.08,0.0,-0.08686281282942977,0.45,0.44991556730853155
5.1000000000000005,0.0,-0.16707178769531972,0.45,0.4467098153058809
5.12,0.0,-0.1642416548244169,0.45,0.44741455462052326
5.14,0.0,-0.15989790071345275,0.45,0.4512289731997735
5.16,0.0,-0.16333258104587847,0.45,0.45251266332876405
5.18,0.0,-0.17705549460450362,0.45,0.4534027718314564
5.2,0.0,-0.2204467106993059,0.45,0.45482700168631296
5.22,0.0,-0.23915634996993088,0.45,0.45622045118862226
5.24,0.0,-0.2044250632903658,0.45,0.4543601730646995
5.26,0.0,-0.1518467999946322,0.45,0.4555267332050335
5.28,0.0,-0.1628129625298932,0.45,0.4526114494513013
5.3,0.0,-0.2256885122661741,0.45,0.45278406636427027
5.32,0.0,-0.20434420817469579,0.45,0.45020070293474646
5.34,0.0,-0.12535045594121025,0.45,0.45093340547808697
5.36,0.0,-0.08823933640166436,0.45,0.4481089674059837
5.38,0.0,-0.11116413632895934,0.45,0.45168519369903726
5.4,0.0,-0.08720718245620424,0.45,0.4438562965696561
5.42,0.0,-0.14386681967684667,0.45,0.44610289063972064
5.44,0.0,-0.11576111648130319,0.45,0.44551044218294406
5.46,0.0,-0.12098883623092274,0.45,0.44595340624368146
5.48,0.0,-0.18274458504758292,0.45,0.4409292310126185
5.5,0.0,-0.16559016001173693,0.45,0.44334658288186474
5.5200000000000005,0.0,-0.22606354400384854,0.45,0.44440034178255305
5.54,0.0,-0.2592356338700082,0.45,0.44284718388600924
5.5600000000000005,0.0,-0.28505553924336036,0.45,0.44688322018263854
5.58,0.0,-0.21529767718898365,0.45,0.4497828783589533
5.6000000000000005,0.0,-0.2732907797033695,0.45,0.45002179346143306
5.62,0.0,-0.2534307652816437,0.45,0.44877750280886325
5.64,0.0,-0.2605944672120387,0.45,0.44651491562438955
5.66,0.0,-0.2626310234865799,0.45,0.4469818841466383
5.68,0.0,-0.2706297597807688,0.45,0.44567316178753125
5.7,0.0,-0.21410814893914815,0.45,0.4397137614296768
5.72,0.0,-0.20114170029085554,0.45,0.444648888920791
5.74,0.0,-0.17388346982634706,0.45,0.44059031919910785
5.76,0.0,-0.180583566141062,0.45,0.4450322973699482
5.78,0.0,-0.20446829020750865,0.45,0.44423105557858
5.8,0.0,-0.18242580427720306,0.45,0.44418183160542046
5.82,0.0,-0.19654270792997106,0.45,0.4459234493005489
5.84,0.0,-0.2272173411080678,0.45,0.4392581136669031
5.86,0.0,-0.15377521682884765,0.45,0.4410611055169791
5.88,0.0,-0.09052956021338836,0.45,0.44011393261910237
5.9,0.0,-0.05629780644266588,0.45,0.44246300506441844
5.92,0.0,-0.10297800407993431,0.45,0.44071444793856585
5.94,0.0,-0.1375028445401344,0.45,0.441041602289548
5.96,0.0,-0.11511899646929606,0.45,0.4424250307405461
5.98,0.0,-0.1134361377969495,0.45,0.4411469337870807
6.0,0.0,-0.09926927717226985,0.45,0.4414935090954661
6.0200000000000005,0.0,-0.0645061032397749,0.45,0.442440715148163
6.04,0.0,-0.07103367899701353,0.45,0.44209135645689634
6.0600000000000005,0.0,-0.0026037428893695425,0.45,0.4415939959629703
6.08,0.0,0.03738891776515369,0.45,0.4459238145585282
6.1000000000000005,0.0,0.05030738510439135,0.45,0.44430040216458055
6.12,0.0,-0.03275422519396784,0.45,0.4444919465241039
6.140000000000001,0.0,-0.06140976739807548,0.45,0.4400966930900575
6.16,0.0,-0.03906509247303845,0.45,0.4437290794721763
6.18,0.0,-0.013504902354755738,0.45,0.4466653284701868
6.2,0.0,-0.01174988235019006,0.45,0.44506690250886344
6.22,0.0,-0.0310276952279277,0.45,0.44362809495411754
6.24,0.0,-0.08067254614234476,0.45,0.44022789837510484
6.26,0.0,-0.04648035118648264,0.45,0.4413686356285318
6.28,0.0,0.0004098433008192029,0.45,0.44468280515211855
6.3,0.0,-0.002418005624229544,0.45,0.4395584735391129
6.32,0.0,0.04218960745513184,0.45,0.445959102646715
6.34,0.0,0.07933220499303381,0.45,0.4431471482433472
6.36,0.0,0.09585873729991237,0.45,0.44352009813571763
6.38,0.0,0.004610124584763291,0.45,0.44182746951141094
6.4,0.0,0.04796752309095817,0.45,0.4420615601296456
6.42,0.0,0.07613248553177401,0.45,0.43893865697196527
6.44,0.0,0.046073274300759304,0.45,0.44048057810609936
6.46,0.0,0.009985360531788876,0.45,0.4455912948389539
6.48,0.0,-0.019725636576453792,0.45,0.44480210742027537
6.5,0.0,-0.04046949454422911,0.45,0.4478912987918395
6.5200000000000005,0.0,-0.0358078988570456,0.45,0.44612013155894786
6.54,0.0,0.014316805411975837,0.45,0.4487132753028653
6.5600000000000005,0.0,0.0391372569729508,0.45,0.44431383241524613
6.58,0.0,0.06873826102408198,0.45,0.4505257822099076
6.6000000000000005,0.0,0.08201782971188315,0.45,0.4498742179635686
6.62,0.0,0.08587364739696873,0.45,0.44978189689424014
6.640000000000001,0.0,0.02582913746906107,0.45,0.4480979553147394
6.66,0.0,0.01600081438622033,0.45,0.4495071939793456
6.68,0.0,0.009966151396139579,0.45,0.4499703425503018
6.7,0.0,-0.03116659007522913,0.45,0.4477848859233628
6.72,0.0,-0.07506299039217561,0.45,0.44656519873162326
6.74,0.0,-0.02733872913608477,0.45,0.4450357230153115
6.76,0.0,-0.007507674597520886,0.45,0.444425389379768
6.78,0.0,0.022666979179507406,0.45,0.4470629378979447
6.8,0.0,0.044409864127161025,0.45,0.4482514289755102
6.82,0.0,0.05210224522429716,0.45,0.44561823760546737
6.84,0.0,0.09070199324281124,0.45,0.44396230124062164
6.86,0.0,0.038925970011957634,0.45,0.4450377770818238
6.88,0.0,-0.031175302389241544,0.45,0.4449946691576328
6.9,0.0,-0.004052582374156222,0.45,0.4437336229552024
6.92,0.0,0.033246110681610944,0.45,0.44018927915329203
6.94,0.0,0.11425253295020991,0.45,0.4460112876116733
6.96,0.0,0.106859589562323,0.45,0.44698565856847977
6.98,0.0,0.13853515292627822,0.45,0.4471568087139638
7.0,0.0,0.11226363888324757,0.45,0.4512047245435222
7.0200000000000005,0.0,0.062374135738419934,0.45,0.4522339892474268
7.04,0.0,0.1555185017952963,0.45,0.45346218985349773
7.0600000000000005,0.0,0.17346303026810586,0.45,0.450319061237793
7.08,0.0,0.19984223778175828,0.45,0.4486715188197657
7.1000000000000005,0.0,0.1587730909526233,0.45,0.4482809186667078
7.12,0.0,0.17365447667822598,0.45,0.4497515241454729
7.140000000000001,0.0,0.15438763542305284,0.45,0.4502325114732794
7.16,0.0,0.19104913615396465,0.45,0.4483389135450137
7.18,0.0,0.19186804582024772,0.45,0.4454864479740824
7.2,0.0,0.19601473878852715,0.45,0.44570673343612893
7.22,0.0,0.12872324572648364,0.45,0.4435503722660877
7.24,0.0,0.10194403754779505,0.45,0.44222975363881184
7.26,0.0,0.09717401117908467,0.45,0.44606809095464744
7.28,0.0,0.00996113460882387,0.45,0.4441987567135618
7.3,0.0,0.013819269377815305,0.45,0.4423621782322885
7.32,0.0,0.011938662503285413,0.45,0.4419544137729606
7.34,0.0,0.026904831709152317,0.45,0.4469531963123188
7.36,0.0,0.033207984878982404,0.45,0.4447632156841986
7.38,0.0,0.02309138046793985,0.45,0.44684974886359596
7.4,0.0,0.06026252669864189,0.45,0.44693636510530876
7.42,0.0,0.07624687480424111,0.45,0.4449124695301713
7.44,0.0,0.05826683199679386,0.45,0.44281103563908647
7.46,0.0,0.03462635051472791,0.45,0.4446706501709501
7.48,0.0,-0.008448408692196232,0.45,0.4431191310828332
7.5,0.0,0.006893671414115992,0.45,0.4421611264493795
7.5200000000000005,0.0,0.05391420898535235,0.45,0.4400710710656408
7.54,0.0,0.03374364125323914,0.45,0.4348971940074974
7.5600000000000005,0.0,0.03423516200265735,0.45,0.4386629579458203
7.58,0.0,0.04949885318633952,0.45,0.4369906899492978
7.6000000000000005,0.0,0.03635203068892057,0.45,0.43769450808587745
7.62,0.0,0.0018145286066758165,0.45,0.4363686535369586
7.640000000000001,0.0,-0.05843173960620164,0.45,0.4385942434073036
7.66,0.0,-0.1194996218735807,0.45,0.4384272803945953
7.68,0.0,-0.12053774272421841,0.45,0.4354961947465376
7.7,0.0,-0.12400435159159197,0.45,0.43348041778434304
7.72,0.0,-0.10528682172138995,0.45,0.4351111672824921
7.74,0.0,-0.13507046454845814,0.45,0.4369393691195918
7.76,0.0,-0.14029982432836025,0.45,0.43557015025649154
7.78,0.0,-0.13808014540994606,0.45,0.43491763982160625
7.8,0.0,-0.17145686463006465,0.45,0.4290944360285053
7.82,0.0,-0.20292476007726884,0.45,0.4351427459876027
7.84,0.0,-0.1696925976088772,0.45,0.4348062309206876
7.86,0.0,-0.1633195499357911,0.45,0.4301659606477077
7.88,0.0,-0.15187798018382925,0.45,0.42981042142323206
7.9,0.0,-0.11912870911951505,0.45,0.43349048717562316
7.92,0.0,-0.119427974557482,0.45,0.43530547189290225
7.94,0.0,-0.18011240730882516,0.45,0.43936424776986627
7.96,0.0,-0.16655647815869368,0.45,0.44040927765841514
7.98,0.0,-0.1973046670178274,0.45,0.43304957186008575
8.0,0.0,-0.18145578190487602,0.25,0.43410893038465836
8.02,0.0,-0.33843859035035834,0.25,0.4275076710766516
8.040000000000001,0.0,-0.47802459036257366,0.25,0.4239640283436427
8.06,0.0,-0.6261394000257452,0.25,0.41548137329463686
8.08,0.0,-0.7910636002702593,0.25,0.4108069001557597
8.1,0.0,-0.9253660347088921,0.25,0.403504856554531
8.120000000000001,0.0,-1.085765407995379,0.25,0.39880491615798175
8.14,0.0,-1.1193182219027242,0.25,0.39614812403785027
8.16,0.0,-1.2209119350892241,0.25,0.38696874256418134
8.18,0.0,-1.2650372237612137,0.25,0.38078752674475513
8.2,0.0,-1.2761192909614372,0.25,0.3782121342182548
8.22,0.0,-1.3214036048923792,0.25,0.38266701962866806
8.24,0.0,-1.3992320839599632,0.25,0.3746495239841656
8.26,0.0,-1.4482731814904832,0.25,0.36657901705391394
8.28,0.0,-1.4806648201916888,0.25,0.36493212728466023
8.3,0.0,-1.4852649113106309,0.25,0.3589031580954754
8.32,0.0,-1.4403430911887924,0.25,0.35356754953483255
8.34,0.0,-1.4664893557685759,0.25,0.35144755152836943
8.36,0.0,-1.4411086667276718,0.25,0.3456666171345716
8.38,0.0,-1.3835017953331277,0.25,0.34085254595898085
8.4,0.0,-1.298645973105454,0.25,0.33610693186380636
8.42,0.0,-1.2307902714140557,0.25,0.3296660841450026
8.44,0.0,-1.0892421398227305,0.25,0.3272499484894843
8.46,0.0,-1.0114136077420064,0.25,0.32738771717158366
8.48,0.0,-0.9009123776688166,0.25,0.31920553523795814
8.5,0.0,-0.8515398630319013,0.25,0.31690681254953923
8.52,0.0,-0.7831015086512159,0.25,0.3136111724263928
8.540000000000001,0.0,-0.7281134754806607,0.25,0.3112158060528038
8.56,0.0,-0.587639012827204,0.25,0.30908621817276716
8.58,0.0,-0.5138009083155386,0.25,0.30690547622175723
8.6,0.0,-0.4557531075069401,0.25,0.3077904077818065
8.620000000000001,0.0,-0.3859537400356659,0.25,0.3061289555094612
8.64,0.0,-0.29707299362822115,0.25,0.2994196637749106
8.66,0.0,-0.21368641963909352,0.25,0.2951298242254141
8.68,0.0,-0.12148572295955828,0.25,0.2959713863222002
8.700000000000001,0.0,-0.04654467956561284,0.25,0.29134063759758955
8.72,0.0,0.06507073405249464,0.25,0.28879498353176464
8.74,0.0,0.15909734774975468,0.25,0.28677085217543186
8.76,0.0,0.2566436027877196,0.25,0.28469288015433725
8.78,0.0,0.2656602663555694,0.25,0.2854021574382514
8.8,0.0,0.3164377139152251,0.25,0.2850741792611918
8.82,0.0,0.36633231942265976,0.25,0.2815763326323815
8.84,0.0,0.3676992076009017,0.25,0.28043949805455115
8.86,0.0,0.43887879517838235,0.25,0.27818144572044873
8.88,0.0,0.42214320012455764,0.25,0.27520039373269284
8.9,0.0,0.4215751563814111,0.25,0.2756078505991142
8.92,0.0,0.4387364711581975,0.25,0.271497828218195
8.94,0.0,0.49814645358508725,0.25,0.27198565737043257
8.96,0.0,0.5548120208257963,0.25,0.26923803077109915
8.98,0.0,0.4840336978058216,0.25,0.26668711402439205
9.0,0.0,0.4722658873413772,0.25,0.2645345181517175
9.02,0.0,0.509923831531029,0.25,0.26432581580885106
9.040000000000001,0.0,0.5495701525410703,0.25,0.26511501329683185
9.06,0.0,0.5336248717838024,0.25,0.26222801583094374
9.08,0.0,0.507634232655788,0.25,0.25823102275657767
9.1,0.0,0.4844685929639066,0.25,0.25800690368343815
9.120000000000001,0.0,0.4700753335308096,0.25,0.25540129684153934
9.14,0.0,0.42311204866490804,0.25,0.2548419072218775
9.16,0.0,0.4225223616728052,0.25,0.25372268105706736
9.18,0.0,0.4821991784339323,0.25,0.2569620463148838
9.200000000000001,0.0,0.41982434759457443,0.25,0.25596578149329163
9.22,0.0,0.38031597752791185,0.25,0.2566384747545515
9.24,0.0,0.3362696463388714,0.25,0.254947345484213
9.26,0.0,0.29853073411455894,0.25,0.2530319217701311
9.28,0.0,0.24718475797094336,0.25,0.2585173780195878
9.3,0.0,0.17033238669072504,0.25,0.2607015552925205
9.32,0.0,0.1948107354988659,0.25,0.2542842794888977
9.34,0.0,0.1691181878253535,0.25,0.2553427772483252
9.36,0.0,0.09325073027806645,0.25,0.2537245640651309
9.38,0.0,0.09224370368121122,0.25,0.2533359766513802
9.4,0.0,0.030159256717861196,0.25,0.25024437302139774
9.42,0.0,0.014826425687998537,0.25,0.24562327853763644
9.44,0.0,-0.10607691070504048,0.25,0.2420218457866614
9.46,0.0,-0.1299414454932473,0.25,0.24360543487982939
9.48,0.0,-0.1252137880930771,0.25,0.24326461650439798
9.5,0.0,-0.11560965967435709,0.25,0.24652011098056498
9.52,0.0,-0.13799853006151291,0.25,0.24018423768425928
9.540000000000001,0.0,-0.15943083897376648,0.25,0.23942298239722168
9.56,0.0,-0.2209134755094324,0.25,0.24311121924372528
9.58,0.0,-0.2324636323156975,0.25,0.24532602570443898
9.6,0.0,-0.3203229070238752,0.25,0.2438138130834067
9.620000000000001,0.0,-0.335826167111996,0.25,0.2414984635489368
9.64,0.0,-0.3508265001637727,0.25,0.24007734378309925
9.66,0.0,-0.39321980460689915,0.25,0.23735174122222963
9.68,0.0,-0.43646656542185513,0.25,0.23983047645183808
9.700000000000001,0.0,-0.3867619595159233,0.25,0.2382573056016627
9.72,0.0,-0.3835584291752663,0.25,0.2374157597584257
9.74,0.0,-0.3600617915193697,0.25,0.2386356428578783
9.76,0.0,-0.37807551789646976,0.25,0.24009492463736873
9.78,0.0,-0.31912887755860603,0.25,0.23797116698577686
9.8,0.0,-0.332024002342179,0.25,0.24044180978796487
9.82,0.0,-0.3702267146535523,0.25,0.2414639448335446
9.84,0.0,-0.3861779086607762,0.25,0.24654850510025375
9.86,0.0,-0.3393880416197478,0.25,0.24818458102978067
9.88,0.0,-0.3453370930726869,0.25,0.24952116770647392
9.9,0.0,-0.3315741471163919,0.25,0.252736880131046
9.92,0.0,-0.2988787739874966,0.25,0.25252443412851094
9.94,0.0,-0.26766987339151227,0.25,0.24803747670712498
9.96,0.0,-0.20675255179185673,0.25,0.24915703475789344
9.98,0.0,-0.20252053646378487,0.25,0.251560483749716
10.0,0.0,-0.1827737734559434,0.25,0.2552320751238459
10.02,0.0,-0.16752160814854403,0.25,0.24982265334187245
10.040000000000001,0.0,-0.09742388690036377,0.25,0.2532672693908138
10.06,0.0,-0.09603989463284383,0.25,0.255757905920079
10.08,0.0,-0.15450698616949957,0.25,0.25440328086807984
10.1,0.0,-0.14247210688180656,0.25,0.2548713213093355
10.120000000000001,0.0,-0.12984643811905208,0.25,0.25245703766342964
10.14,0.0,-0.10420770007467314,0.25,0.25150442588785354
10.16,0.0,-0.05563209111116506,0.25,0.24718839341321508
10.18,0.0,-0.03740760183824918,0.25,0.24891461407971183
10.200000000000001,0.0,0.036256937041519895,0.25,0.24536798881607907
10.22,0.0,0.03942312463462299,0.25,0.24338462849204412
10.24,0.0,0.047010311427416865,0.25,0.24872386624678325
10.26,0.0,0.03924999059388043,0.25,0.2486270924424838
10.28,0.0,0.08498574252303508,0.25,0.24252609784886275
10.3,0.0,0.07772611803865792,0.25,0.23896969073508212
10.32,0.0,0.0526787755169677,0.25,0.2425240410793237
10.34,0.0,0.061897099320466525,0.25,0.2399677048900859
10.36,0.0,0.00944609267309815,0.25,0.2400483142958189
10.38,0.0,-0.032811259528278985,0.25,0.23674519554757206
10.4,0.0,-0.013143609507041631,0.25,0.23902296272970064
10.42,0.0,-0.03469207215114101,0.25,0.24338314810794553
10.44,0.0,0.019003433175737522,0.25,0.2459998069143762
10.46,0.0,0.0592900043494211,0.25,0.2463046249896761
10.48,0.0,0.011349655751340226,0.25,0.251117407305285
10.5,0.0,0.04452045558907643,0.25,0.2561868210064557
10.52,0.0,0.016236491580652004,0.25,0.25784389250970907
10.540000000000001,0.0,0.013215977206617102,0.25,0.25638325025047154
10.56,0.0,-0.0013377235088294082,0.25,0.25650078087768957
10.58,0.0,-0.009341157035684472,0.25,0.2536937721822214
10.6,0.0,-0.04180139855427978,0.25,0.2552525755368377
10.620000000000001,0.0,-0.07731457173642801,0.25,0.2562296134112841
10.64,0.0,-0.06513511690718576,0.25,0.2571430489320602
10.66,0.0,-0.0579627468364005,0.25,0.257783351186949
10.68,0.0,-0.0801458647855813,0.25,0.25764695603276755
10.700000000000001,0.0,-0.04878322898014691,0.25,0.2542185128433574
10.72,0.0,-0.1496257768613925,0.25,0.2557766370360464
10.74,0.0,-0.17129350101058546,0.25,0.2534646948133222
10.76,0.0,-0.1043917763326434,0.25,0.25189899864054477
10.78,0.0,-0.13233154196400554,0.25,0.24712210513096478
10.8,0.0,-0.14933126432169672,0.25,0.24440407300127273
10.82,0.0,-0.1704667533359478,0.25,0.2431034269373963
10.84,0.0,-0.19403049724289356,0.25,0.23999294448846004
10.86,0.0,-0.18585423120079575,0.25,0.24225713856602818
10.88,0.0,-0.1078007919535653,0.25,0.24166347202538974
10.9,0.0,-0.14151478905442696,0.25,0.2427955357695939
10.92,0.0,-0.17317200758080528,0.25,0.24018983961657903
10.94,0.0,-0.16728506854517186,0.25,0.2414629523217316
10.96,0.0,-0.13849992346262077,0.25,0.24173447310485224
10.98,0.0,-0.13569147161183603,0.25,0.23771585228317488
11.0,0.0,-0.1084760536808475,0.25,0.2406088860171511
11.02,0.0,-0.07008071833212598,0.25,0.23948562046810376
11.040000000000001,0.0,-0.08414166871456698,0.25,0.2385898551722813
11.06,0.0,-0.05416866917859582,0.25,0.24167460191219212
11.08,0.0,-0.11159572939424367,0.25,0.24241822149080441
11.1,0.0,-0.063192689545799,0.25,0.24651073645852223
11.120000000000001,0.0,-0.14545984100220505,0.25,0.24639207360164933
11.14,0.0,-0.16415569952841633,0.25,0.24284952807556223
11.16,0.0,-0.13107348445462874,0.25,0.24392150925113992
11.18,0.0,-0.12160225603757083,0.25,0.24284193493526252
11.200000000000001,0.0,-0.14051394832324723,0.25,0.24326533641957193
11.22,0.0,-0.053773994737563884,0.25,0.24480422344732453
11.24,0.0,-0.07901662914844418,0.25,0.24517969159174685
11.26,0.0,-0.1392838610356394,0.25,0.2458854817896661
11.28,0.0,-0.07286122900535702,0.25,0.2433549847946677
11.3,0.0,-0.0711522440085591,0.25,0.24294482118429614
11.32,0.0,-0.056952041538029914,0.25,0.24721589263346166
11.34,0.0,-0.08571880042631497,0.25,0.24552577013334295
11.36,0.0,-0.06819442802510896,0.25,0.24610340576824627
11.38,0.0,-0.0882440968270534,0.25,0.24764062160637015
11.4,0.0,-0.03355853577608749,0.25,0.2418918112520382
11.42,0.0,0.013343484120584463,0.25,0.24100577522338065
11.44,0.0,0.07314237120056945,0.25,0.24298970902108785
11.46,0.0,0.0411217349379598,0.25,0.24105475521732586
11.48,0.0,0.028038457386496768,0.25,0.23727128474644915
11.5,0.0,0.04349687206117085,0.25,0.2360351441439782
11.52,0.0,-0.03115664154419781,0.25,0.2334859264723124
11.540000000000001,0.0,0.07621144645708397,0.25,0.23507766786704992
11.56,0.0,0.11812940872295942,0.25,0.23903106457063983
11.58,0.0,0.1039670032046708,0.25,0.24175578426496858
11.6,0.0,0.07643031375766235,0.25,0.24374639152818428
11.620000000000001,0.0,0.08766195838611075,0.25,0.24740130782565703
11.64,0.0,0.08438719862465803,0.25,0.2547631735694653
11.66,0.0,0.08924585570878482,0.25,0.2521547927275964
11.68,0.0,0.08071984588169756,0.25,0.2523159906877014
11.700000000000001,0.0,0.039128043952534546,0.25,0.25441318928719553
11.72,0.0,0.05609676873341308,0.25,0.254326415351305
11.74,0.0,0.07116732405797681,0.25,0.25323956690045246
11.76,0.0,0.10965441432142552,0.25,0.252986116169207
11.78,0.0,0.09790036918209719,0.25,0.24873982370456985
11.8,0.0,0.08910974323888776,0.25,0.2514734217871971
11.82,0.0,0.11842042408237116,0.25,0.25035420111609463
11.84,0.0,0.0984414505281742,0.25,0.25258956104095537
11.86,0.0,0.06159070156748328,0.25,0.25068038773255646
11.88,0.0,-0.0031761225277318374,0.25,0.25176403533722425
11.9,0.0,-0.00598849792674002,0.25,0.25094039097536747
11.92,0.0,-0.02728767143905579,0.25,0.25151470108361806
11.94,0.0,-0.021458002812395384,0.25,0.25071495076186934
11.96,0.0,-0.007079439221857518,0.25,0.25188119987565905
11.98,0.0,-0.03629808533536226,0.25,0.24929568617061898
12.0,0.0,-0.010514624066585088,0.25,0.2580427166378347
12.02,0.0,-0.05253181125524371,0.25,0.2538826343660664
12.040000000000001,0.0,-0.07302924029392747,0.25,0.2530251558922063
12.06,0.0,-0.0817013278834701,0.25,0.2496568643970856
12.08,0.0,-0.07107274292120608,0.25,0.24727631593977273
12.1,0.0,0.0008105251448210365,0.25,0.2467003939051265
12.120000000000001,0.0,-0.005189540250209642,0.25,0.2394709341377275
12.14,0.0,0.021066831459540504,0.25,0.24191049769582187
12.16,0.0,0.03808156140867348,0.25,0.2409025038151896
12.18,0.0,-0.024197715544808148,0.25,0.23741943508392988
12.200000000000001,0.0,-0.09074390989029271,0.25,0.23907982144188103
12.22,0.0,-0.13810955536901345,0.25,0.24097641078294435
12.24,0.0,-0.09596842985183522,0.25,0.24259830886434977
12.26,0.0,-0.07365460089831961,0.25,0.2429583984158975
12.280000000000001,0.0,-0.07287584616777219,0.25,0.2389544395272032
12.3,0.0,-0.0637791982170303,0.25,0.2400504764058521
12.32,0.0,-0.05785896364756919,0.25,0.24624832203097166
12.34,0.0,-0.05709137701312812,0.25,0.24874032468917617
12.36,0.0,-0.006780661652071671,0.25,0.24892679061499498
12.38,0.0,0.00913209962961264,0.25,0.2492584859595656
12.4,0.0,-0.002449566277024402,0.25,0.24943312666296924
12.42,0.0,0.01701063259026713,0.25,0.25400383011783967
12.44,0.0,0.050594934314360115,0.25,0.25413767421819505
12.46,0.0,0.06392478756131233,0.25,0.252033685187249
12.48,0.0,0.05572130938141301,0.25,0.2534834294705889
12.5,0.0,0.07155456618933499,0.25,0.24803919286037318
12.52,0.0,0.06890456602792658,0.25,0.24722637477490142
12.540000000000001,0.0,0.1354572956520699,0.25,0.2495656969986
12.56,0.0,0.13707640324901127,0.25,0.2532499694163731
12.58,0.0,0.024959720010576013,0.25,0.2550819007289855
12.6,0.0,0.01190750855943428,0.25,0.2573392543419966
12.620000000000001,0.0,0.013729700386302028,0.25,0.25359994800639885
12.64,0.0,0.04622583038054366,0.25,0.2511467764023046
12.66,0.0,0.09392783264011047,0.25,0.25157259771494006
12.68,0.0,0.08188363867661631,0.25,0.2483029435423317
12.700000000000001,0.0,0.0980472001943297,0.25,0.24712234329498906
12.72,0.0,0.11622295138725336,0.25,0.24750376661879708
12.74,0.0,0.0888560318247339,0.25,0.24608156856795818
12.76,0.0,0.07672685198398758,0.25,0.24678757732902307
12.780000000000001,0.0,0.09381813402540858,0.25,0.253247328455422
12.8,0.0,0.08535376048599586,0.25,0.2512883014350605
12.82,0.0,0.09531391946078624,0.25,0.24805406578762826
12.84,0.0,0.10317598642882368,0.25,0.24833177099951007
12.86,0.0,0.08805174479491959,0.25,0.2430479047679398
12.88,0.0,0.07288410271421511,0.25,0.24295056609094526
12.9,0.0,0.037708393093762414,0.25,0.2440911609552597
12.92,0.0,0.051378713939270876,0.25,0.2474834257594241
12.94,0.0,0.018914216981093274,0.25,0.2461008873059934
12.96,0.0,-0.044816109610850204,0.25,0.24535822268739113
12.98,0.0,0.02151118011816947,0.25,0.24424136684912415
13.0,0.0,0.02490703453153231,0.25,0.24083610632193816
13.02,0.0,0.0458496522408815,0.25,0.2404776931584244
13.040000000000001,0.0,0.03323202151608245,0.25,0.23997224071969706
13.06,0.0,0.010323541687784453,0.25,0.23523458213624635
13.08,0.0,0.043427511467267976,0.25,0.23599713569691622
13.1,0.0,-0.001312038654055601,0.25,0.23616844139046517
13.120000000000001,0.0,0.030281992003764437,0.25,0.2369335762295906
13.14,0.0,0.06993821560466398,0.25,0.2358834914843632
13.16,0.0,0.05738954495508864,0.25,0.23687439851441516
13.18,0.0,0.02532264945540659,0.25,0.23581154887466718
13.200000000000001,0.0,0.02590857238356878,0.25,0.2380046909920823
13.22,0.0,0.04556219028807506,0.25,0.2413277739716512
13.24,0.0,0.059573932872436466,0.25,0.2408461112651432
13.26,0.0,0.08036243976953418,0.25,0.2450781991701786
13.280000000000001,0.0,0.06890108967854579,0.25,0.24638817421308346
13.3,0.0,0.05759328960885745,0.25,0.2508653411918877
13.32,0.0,0.02855552602366574,0.25,0.25444783253482905
13.34,0.0,0.020090035296377366,0.25,0.2573431646226426
13.36,0.0,0.05605449972466299,0.25,0.25865365436549176
13.38,0.0,0.0827318318925585,0.25,0.25420122290601477
13.4,0.0,0.05769315962054738,0.25,0.25172235618106764
13.42,0.0,0.01377333024956396,0.25,0.25139530716525565
13.44,0.0,-0.0262403660478747,0.25,0.2569368932064431
13.46,0.0,-0.07593502817393158,0.25,0.2530859065528931
13.48,0.0,-0.08022692529802967,0.25,0.2512686549333394
13.5,0.0,-0.1270024275723715,0.25,0.2476313479340205
13.52,0.0,-0.1276954727823139,0.25,0.2466072467798446
13.540000000000001,0.0,-0.10826931249511909,0.25,0.2437257911971794
13.56,0.0,-0.12827614975300447,0.25,0.24827591351138245
13.58,0.0,-0.17075905121451052,0.25,0.2479599523478862
13.6,0.0,-0.12907921404032818,0.25,0.2508110876438246
13.620000000000001,0.0,-0.05611811425682858,0.25,0.2487336740226994
13.64,0.0,-0.033923304928881286,0.25,0.24778034553305256
13.66,0.0,-0.03573346860411103,0.25,0.24793394842970456
13.68,0.0,-0.04531311952803535,0.25,0.24488179896361012
13.700000000000001,0.0,-0.08130181979437422,0.25,0.24518127442408302
13.72,0.0,-0.043687020881062896,0.25,0.24193558317392863
13.74,0.0,-0.012846863411102251,0.25,0.24045184737711126
13.76,0.0,0.05699483372813359,0.25,0.24011151053229904
13.780000000000001,0.0,0.07247500407512192,0.25,0.23930701012961172
13.8,0.0,0.10213659055797404,0.25,0.2437820666690839
13.82,0.0,0.1444112694362735,0.25,0.24588900760304366
13.84,0.0,0.0842919163371342,0.25,0.24684171726754064
13.86,0.0,0.04795276046365748,0.25,0.2421983219855763
13.88,0.0,0.0308696886828586,0.25,0.2426999828037192
13.9,0.0,0.09265810301786204,0.25,0.24296284343375835
13.92,0.0,0.15566405818798026,0.25,0.23977763552020354
13.94,0.0,0.15173095381526486,0.25,0.23792556752339175
13.96,0.0,0.037924002692394265,0.25,0.23821133194522684
13.98,0.0,-0.05584245985467505,0.25,0.24095066492919381
14.0,0.0,-0.04444660465468493,0.0,0.2454964173183588
14.02,0.0,-0.00974113255494017,0.0,0.23464628223309872
14.040000000000001,0.0,0.012307897377527506,0.0,0.22594509416319886
14.06,0.0,0.02787437355737882,0.0,0.21607626308038988
14.08,0.0,-0.013452471252127608,0.0,0.21453014941979842
14.1,0.0,-0.04411199806732099,0.0,0.20655437679305172
14.120000000000001,0.0,-0.043969891292932155,0.0,0.198883919694295
14.14,0.0,-0.009624000113153163,0.0,0.19286126227163028
14.16,0.0,0.00048811190887754923,0.0,0.18396656868575498
14.18,0.0,0.007845954352337963,0.0,0.17389382929953393
14.200000000000001,0.0,0.00213505039128058,0.0,0.16597034236515704
14.22,0.0,0.05898070030465948,0.0,0.16548360723740627
14.24,0.0,0.028128742517568812,0.0,0.1630116055098183
14.26,0.0,-0.0003669879039704354,0.0,0.15027588121866087
14.280000000000001,0.0,0.04340340642805728,0.0,0.14371282392068055
14.3,0.0,-0.03957912627574124,0.0,0.13418667598965264
14.32,0.0,-0.014391041359123398,0.0,0.12558093057942235
14.34,0.0,-0.0006628928097802881,0.0,0.1267176663428658
14.36,0.0,0.01506973630812768,0.0,0.12582283710517225
14.38,0.0,0.0876526720710426,0.0,0.11917994309828694
14.4,0.0,0.03200081983011842,0.0,0.11501892234203805
14.42,0.0,-0.009839775285911767,0.0,0.11046623468286525
14.44,0.0,0.02527609855241636,0.0,0.10330546677134622
14.46,0.0,-0.007440786964104189,0.0,0.10166136570382765
14.48,0.0,-0.003216100513638916,0.0,0.09569488866179417
14.5,0.0,-0.007955973846539167,0.0,0.08959129810248352
14.52,0.0,-0.01202716453699186,0.0,0.09095615199659872
14.540000000000001,0.0,0.033220148632085625,0.0,0.0869743790297399
14.56,0.0,0.04671695986875809,0.0,0.0846301481256429
14.58,0.0,0.056121458362566545,0.0,0.08057843822034982
14.6,0.0,0.07431711646495426,0.0,0.07954776519249769
14.620000000000001,0.0,0.10109638556914734,0.0,0.08235572332921814
14.64,0.0,0.13431198042071363,0.0,0.07623562240994965
14.66,0.0,0.10836666414530426,0.0,0.07177439450721686
14.68,0.0,0.09617783866131807,0.0,0.06930085544056186
14.700000000000001,0.0,0.10690855568663092,0.0,0.0625095394819301
14.72,0.0,0.09830569125448552,0.0,0.0596499219694333
14.74,0.0,0.14145282424920688,0.0,0.052257227493755776
14.76,0.0,0.1536402879833811,0.0,0.049418776660723106
14.780000000000001,0.0,0.1415501384194074,0.0,0.049538147216012324
14.8,0.0,0.08784526602773488,0.0,0.04370747587870376
14.82,0.0,0.08133488622794932,0.0,0.04240105437612802
14.84,0.0,0.0435183289431969,0.0,0.0384237570428775
14.86,0.0,0.05264024803767368,0.0,0.03442536181225505
14.88,0.0,0.09742102339030842,0.0,0.03759914425455603
14.9,0.0,0.12935441059404998,0.0,0.036042411667461596
14.92,0.0,0.12832316277244163,0.0,0.033846210017110634
14.94,0.0,0.1184880023007685,0.0,0.03359947907392842
14.96,0.0,0.11343339536866764,0.0,0.02977928109894771
14.98,0.0,0.12564030079631724,0.0,0.03146217325801789
15.0,0.0,0.13301045235100137,0.0,0.02686346086017294
15.02,0.0,0.13137767345044876,0.0,0.02916330072715141
15.040000000000001,0.0,0.135235011913595,0.0,0.03182019702044292
15.06,0.0,0.14025687591415528,0.0,0.03020506238858682
15.08,0.0,0.13666893477655093,0.0,0.03003535566001874
15.1,0.0,0.1683930058747631,0.0,0.02803007914691112
15.120000000000001,0.0,0.11815406567860033,0.0,0.023368033388915202
15.14,0.0,0.08718822939347337,0.0,0.019651182430251515
15.16,0.0,0.06748040634191169,0.0,0.020933180862968366
15.18,0.0,0.0562434486857217,0.0,0.025115844302803326
15.200000000000001,0.0,0.0018008795410227986,0.0,0.028162814418283257
15.22,0.0,-0.019921919665038944,0.0,0.025666629115063084
15.24,0.0,-0.025278657768610713,0.0,0.026372582117206143
15.26,0.0,-0.010408197353948096,0.0,0.02599111237245942
15.280000000000001,0.0,-0.016115349879809504,0.0,0.022664597108717724
15.3,0.0,-0.06674003789904324,0.0,0.019769022296518616
15.32,0.0,-0.10351202536161395,0.0,0.020245891884579356
15.34,0.0,-0.08887930316318923,0.0,0.02105416098079734
15.36,0.0,-0.025485460762243544,0.0,0.02182972398915192
15.38,0.0,-0.059515192187835145,0.0,0.020540860926411462
15.4,0.0,-0.038115805290812876,0.0,0.017406018586661125
15.42,0.0,-0.09213413021589133,0.0,0.01568697159616854
15.44,0.0,-0.1072697346669948,0.0,0.01646785618375958
15.46,0.0,-0.1187842848856289,0.0,0.010981072038952124
15.48,0.0,-0.11645909441489095,0.0,0.010708564770943386
15.5,0.0,-0.068481361709895,0.0,0.010686783365617687
15.52,0.0,-0.009544751435496655,0.0,0.013719748216919039
15.540000000000001,0.0,0.026350917502369207,0.0,0.010350903906611475
15.56,0.0,0.05290872667387774,0.0,0.010968187997468928
15.58,0.0,0.09765727128131375,0.0,0.010258210944301491
15.6,0.0,0.08494242088854072,0.0,0.009997684779655581
15.620000000000001,0.0,0.03623246851640647,0.0,0.011236406600865822
15.64,0.0,0.02480128440570331,0.0,0.008506667181907698
15.66,0.0,0.08358448520642875,0.0,0.010753124575341371
15.68,0.0,0.01766309848589139,0.0,0.007899906877009765
15.700000000000001,0.0,0.07401443642204122,0.0,0.00288819951162425
15.72,0.0,-0.02317130153186493,0.0,0.005310984888544439
15.74,0.0,-0.032435341054138055,0.0,0.005325712056111148
15.76,0.0,-0.06116360800253651,0.0,0.0077549845642362805
15.780000000000001,0.0,0.013024882245837583,0.0,0.008089699163504008
15.8,0.0,0.020798457419488457,0.0,0.00997385172922597
15.82,0.0,-0.04786601523665646,0.0,0.013572961431636776
15.84,0.0,-0.023500221040883312,0.0,0.01721842617992663
15.860000000000001,0.0,-0.08110203804302413,0.0,0.017468983511913026
15.88,0.0,-0.09773651583736745,0.0,0.01471267069510858
15.9,0.0,-0.13028499955373793,0.0,0.019282042092614658
15.92,0.0,-0.08995608248460912,0.0,0.015990260777041763
15.94,0.0,-0.06691779498651455,0.0,0.012812538936088934
15.96,0.0,-0.019965099429542808,0.0,0.00873129606768162
15.98,0.0,-0.02531297898199282,0.0,0.007421059981112747
16.0,0.0,-0.0758811452234425,0.0,0.008260722664669226
16.02,0.0,-0.08520161932602803,0.0,0.01082851545622581
16.04,0.0,-0.051134212319477644,0.0,0.007014816715487806
16.06,0.0,-0.08036163005773009,0.0,0.007004954560829665
16.080000000000002,0.0,-0.05431032909056342,0.0,0.009131480058325873
16.1,0.0,-0.04706803849416933,0.0,0.004842400642896255
16.12,0.0,-0.0511888226098672,0.0,0.005545703161182028
16.14,0.0,-0.019498867049163027,0.0,-0.000368658016000019
16.16,0.0,-0.06552726489831552,0.0,0.0018219842133228212
16.18,0.0,-0.0986387070314727,0.0,-0.0002458486370862196
16.2,0.0,-0.09421885454025204,0.0,0.00013502595720826013
16.22,0.0,0.006158286578790407,0.0,-0.003695641238199125
16.240000000000002,0.0,0.002065858374835959,0.0,-0.003770618696823825
16.26,0.0,-0.04642697928557919,0.0,-0.00342932257926224
16.28,0.0,-0.03132851616720802,0.0,-0.00673363839419055
16.3,0.0,-0.004402329078409821,0.0,-0.0019079002932576678
16.32,0.0,-0.02562506581943973,0.0,-0.0011467170784048414
16.34,0.0,-0.03494242076327572,0.0,0.0021872227368239763
16.36,0.0,-0.029780820051686568,0.0,0.00496924405709384
16.38,0.0,-0.013152164782718448,0.0,0.0036310665159525078
16.4,0.0,0.02144865102998277,0.0,-0.006269187519261028
16.42,0.0,0.002067507719082229,0.0,-0.004340272920082546
16.44,0.0,0.01797378566719773,0.0,-0.007787348759483518
16.46,0.0,0.024715081458553022,0.0,-0.007180015011901263
16.48,0.0,0.037453855223658135,0.0,-0.00451156529696579
16.5,0.0,-0.002150095176272071,0.0,-0.009155870150357754
16.52,0.0,-0.006936324782013223,0.0,-0.007550061739551025
16.54,0.0,-0.051905095129317076,0.0,-0.0086726010693612
16.56,0.0,-0.030718113277196965,0.0,-0.008484918129713333
16.580000000000002,0.0,-0.04207170867664635,0.0,-0.005191662996608865
16.6,0.0,-0.05761512489456455,0.0,-0.00409290151013759
16.62,0.0,-0.03315404481861256,0.0,-0.0024756319259225494
16.64,0.0,-0.0016894587916709597,0.0,-0.0006468942286464402
16.66,0.0,-0.01155183962395194,0.0,-0.0009008462280401812
16.68,0.0,0.033817556875972626,0.0,0.0009916585106083881
16.7,0.0,0.0724326561128956,0.0,-0.00027846461541107276
16.72,0.0,0.055272935292259406,0.0,5.482684983725353e-06
16.740000000000002,0.0,0.029551397507248497,0.0,-0.0011857046163915174
16.76,0.0,0.025901034813946903,0.0,0.0030042459397554852
16.78,0.0,-0.02402292493717803,0.0,0.005374099524705566
16.8,0.0,-0.08748645151531524,0.0,0.0008982761561737874
16.82,0.0,-0.05910523616821762,0.0,0.0011872165082356275
16.84,0.0,-0.09241273398046197,0.0,-0.002367178054506369
16.86,0.0,-0.1431889979455963,0.0,-0.004991641624838574
16.88,0.0,-0.15111459432397326,0.0,-0.004010517245025986
16.9,0.0,-0.14000950644415247,0.0,-0.007864941654967258
16.92,0.0,-0.11815169399407119,0.0,-0.00742379676016522
16.94,0.0,-0.07058529660381373,0.0,-0.004397357959243984
16.96,0.0,-0.10818883885103589,0.0,-0.0055469399637088305
16.98,0.0,-0.13079482467461315,0.0,-0.0024393847049944493
17.0,0.0,-0.10302939694484403,0.0,-0.0030774693666086516
17.02,0.0,-0.14313436850092828,0.0,-0.0070486356710589
17.04,0.0,-0.052808419912086936,0.0,-0.010789763409956495
17.06,0.0,0.030948833822080708,0.0,-0.009632290818393141
17.080000000000002,0.0,0.026242249538112147,0.0,-0.007739007720422512
17.1,0.0,-0.014527523323742485,0.0,-0.01027412125121497
17.12,0.0,-0.024985810243819195,0.0,-0.00955962382913489
17.14,0.0,0.004668472140059541,0.0,-0.009974602961025524
17.16,0.0,0.014643983142740437,0.0,-0.00958582632001297
17.18,0.0,0.004569976628774836,0.0,-0.005992317009749264
17.2,0.0,-0.011106588635643455,0.0,-0.004768417224395454
17.22,0.0,-0.026062163327333614,0.0,-0.004388336857555234
17.240000000000002,0.0,0.04139964185235256,0.0,-0.004766477743839332
17.26,0.0,0.054706691340413734,0.0,-0.0055290840502630716
17.28,0.0,0.07574656232536338,0.0,-0.005692464622323227
17.3,0.0,0.07288744367273986,0.0,-0.00888514043643898
17.32,0.0,0.11554664278586028,0.0,-0.005589514554374826
17.34,0.0,0.16757863214471438,0.0,-0.011361955032645537
17.36,0.0,0.14275949377109548,0.0,-0.00836874605695605
17.38,0.0,0.16927323690195578,0.0,-0.009237017527428846
17.400000000000002,0.0,0.14976003084217474,0.0,-0.009624117192888035
17.42,0.0,0.144458074199724,0.0,-0.011421535113868533
17.44,0.0,0.16414661361918703,0.0,-0.010924617748128551
17.46,0.0,0.1891921920007885,0.0,-0.01398555170214891
17.48,0.0,0.11889106073176084,0.0,-0.011288041833003408
17.5,0.0,0.11995960050795268,0.0,-0.011902599095832666
17.52,0.0,0.052224805171783586,0.0,-0.010235846465683112
17.54,0.0,0.066549269801609,0.0,-0.006899815650047197
17.56,0.0,0.058086558751720134,0.0,-0.002178201064633952
17.580000000000002,0.0,0.10234039260009765,0.0,0.00128749028677813
17.6,0.0,0.09326951891512393,0.0,0.002421489391295191
17.62,0.0,0.06006883679090079,0.0,0.0017903531903803438
17.64,0.0,-0.03243612478779318,0.0,0.0052526361144080505
17.66,0.0,0.01953200231552261,0.0,0.00685864511566818
17.68,0.0,0.08080995573624093,0.0,0.01029660592275617
17.7,0.0,0.10511544478194591,0.0,0.011930749437679243
17.72,0.0,0.1479465626812278,0.0,0.013857420264736808
17.740000000000002,0.0,0.1641505765742412,0.0,0.007936779219853671
17.76,0.0,0.12525324079012595,0.0,0.0066676394151626
17.78,0.0,0.13841286218375393,0.0,0.005440794766847494
17.8,0.0,0.12276606277332706,0.0,0.0019250634743389365
17.82,0.0,0.09816906988933488,0.0,0.0022040247636206374
17.84,0.0,0.0846818108101349,0.0,0.0011286680604742389
17.86,0.0,0.017622440549839337,0.0,0.00014914542194811037
17.88,0.0,0.02336808145584775,0.0,-0.0007212404102896516
17.900000000000002,0.0,0.006864694915944846,0.0,0.001889427656889574
17.92,0.0,0.03672752746549275,0.0,0.0037703384769645423
17.94,0.0,0.1250276233920841,0.0,0.0032663825937540615
17.96,0.0,0.11499370965296597,0.0,0.0031616391780576658
17.98,0.0,0.1370203992137947,0.0,0.0007799485541403787
18.0,0.0,0.1173338373647682,0.0,-0.0011167262051226027
18.02,0.0,0.13135811918857068,0.0,0.002868900388198045
18.04,0.0,0.15827369043303005,0.0,-0.0018101313644039376
18.06,0.0,0.1785558075827968,0.0,0.0007348080819160169
18.080000000000002,0.0,0.1459631188901207,0.0,-0.0026010627323566826
18.1,0.0,0.14963256223436958,0.0,-0.002876859438864576
18.12,0.0,0.14797869618302376,0.0,-0.0015645144763815606
18.14,0.0,0.11893439027193387,0.0,-0.001800557506880736
18.16,0.0,0.08371095230723175,0.0,-0.002052082243711192
18.18,0.0,0.10159973270852427,0.0,0.0030539727448638514
18.2,0.0,0.07044810963502057,0.0,0.001205442898569529
18.22,0.0,0.0018813951157763125,0.0,0.00043062600407454716
18.240000000000002,0.0,0.013578217722177719,0.0,-0.0016584051176148596
18.26,0.0,0.06833813761695584,0.0,0.0022883721709542333
18.28,0.0,0.04731307910908682,0.0,0.0008961345777366718
18.3,0.0,0.0995142616804569,0.0,-0.0006299248544613683
18.32,0.0,0.2183853388133779,0.0,-0.002110390737477922
18.34,0.0,0.18257524202165637,0.0,-0.006913842258605951
18.36,0.0,0.1967438570721191,0.0,-0.00676688203176532
18.38,0.0,0.1295511382277911,0.0,-0.0007012869447612093
18.400000000000002,0.0,0.08096549999331698,0.0,-0.0023220981498355657
18.42,0.0,0.004250021799069568,0.0,0.0016604475170609683
18.44,0.0,0.0012348328621870257,0.0,-0.00034616819741913486
18.46,0.0,0.00937678795652608,0.0,0.0034834683185080337
18.48,0.0,0.025115841654626464,0.0,0.002823350520222088
18.5,0.0,0.0269819764881883,0.0,0.0017381261020063205
18.52,0.0,0.03811676518584129,0.0,0.00014383289813387466
18.54,0.0,0.04046706097449143,0.0,-0.0064296768885962145
18.56,0.0,0.030714695855286342,0.0,-0.005687813982869166
18.580000000000002,0.0,0.05943651347013073,0.0,-0.005046289863536392
18.6,0.0,0.0817912202175542,0.0,-0.006565179401760902
18.62,0.0,0.06549746658543178,0.0,-0.008403492205817948
18.64,0.0,0.12099950132390386,0.0,-0.014010484674512758
18.66,0.0,0.13564265801853978,0.0,-0.010914251735858397
18.68,0.0,0.09580393293627353,0.0,-0.016539207622055272
18.7,0.0,0.12658386616354364,0.0,-0.01684448882545112
18.72,0.0,0.178775014319009,0.0,-0.017461810369574404
18.740000000000002,0.0,0.15460246490073157,0.0,-0.016032684703224654
18.76,0.0,0.10111140646888998,0.0,-0.012045627770834752
18.78,0.0,0.08792406463308028,0.0,-0.013493261271402693
18.8,0.0,0.1115508706438683,0.0,-0.014536050869926159
18.82,0.0,0.05452735439869175,0.0,-0.014383368087317654
18.84,0.0,0.06940407522854065,0.0,-0.01210170901609043
18.86,0.0,0.08775855879964055,0.0,-0.007387120227103552
18.88,0.0,0.1257851016246241,0.0,-0.007044454668379005
18.900000000000002,0.0,0.07863875941446516,0.0,-0.0073506147462591665
18.92,0.0,0.11055861880365311,0.0,-0.00678220226529429
18.94,0.0,0.09644010406904521,0.0,-0.0025597675393061233
18.96,0.0,0.09623088988530795,0.0,-0.0006718335108574545
18.98,0.0,0.09518267010149885,0.0,-0.0026282142874967523
19.0,0.0,0.042848802299706244,0.0,-0.0008434920081051933
19.02,0.0,0.03273190060288934,0.0,0.0028070828158728847
19.04,0.0,-0.03370139296975485,0.0,0.0014848988395330942
19.06,0.0,-0.02648040294561782,0.0,0.004700809646542418
19.080000000000002,0.0,-0.02271455024703567,0.0,0.0023849609631684957
19.1,0.0,-0.026740460978904534,0.0,0.0005073811316289197
19.12,0.0,0.025492487222026433,0.0,-0.004145022960188787
19.14,0.0,0.03827287030894189,0.0,-0.007686976621363238
19.16,0.0,0.02304174502164007,0.0,-0.005653022038836493
19.18,0.0,-0.04954576424924454,0.0,-0.008360430960015867
19.2,0.0,-0.16058347226943998,0.0,-0.0031555140304293672
19.22,0.0,-0.14712997354084104,0.0,-0.006126200415201344
19.240000000000002,0.0,-0.13502443760267577,0.0,-0.009531749646325176
19.26,0.0,-0.12514420542985577,0.0,-0.008324847934574319
19.28,0.0,-0.17831242283673535,0.0,-0.01009144121981303
19.3,0.0,-0.14533740640872983,0.0,-0.012761051453319343
19.32,0.0,-0.1329660033909772,0.0,-0.011002617026721688
19.34,0.0,-0.1678271215187324,0.0,-0.015457035465337969
19.36,0.0,-0.1379217634934715,0.0,-0.018093647576365425
19.38,0.0,-0.12523063255625705,0.0,-0.01879178837727326
19.400000000000002,0.0,-0.14721464131567724,0.0,-0.014549849208084758
19.42,0.0,-0.10066735786072625,0.0,-0.009019269109529483
19.44,0.0,-0.110847174349651,0.0,-0.012683404199450573
19.46,0.0,-0.10192694190446604,0.0,-0.014880920790762607
19.48,0.0,-0.1038362695255185,0.0,-0.012039119659976722
19.5,0.0,-0.08403415028180602,0.0,-0.013212771379130945
19.52,0.0,-0.1992794871654549,0.0,-0.015970077835662105
19.54,0.0,-0.1914079339203084,0.0,-0.014272795850096881
19.56,0.0,-0.14670560605841348,0.0,-0.005948439817696304
19.580000000000002,0.0,-0.15849022525664533,0.0,-0.007399709307392275
19.6,0.0,-0.08435925452841188,0.0,-0.009650266404849539
19.62,0.0,-0.06425433339378248,0.0,-0.01126255379618875
19.64,0.0,-0.11091863056263992,0.0,-0.009413142904329548
19.66,0.0,-0.17998516305211001,0.0,-0.007355569317266387
19.68,0.0,-0.11195821706974256,0.0,-0.005565055251763777
19.7,0.0,-0.12863791468020075,0.0,-0.007420024290002566
19.72,0.0,-0.09639503234133055,0.0,-0.006784276820320017
19.740000000000002,0.0,-0.08464024772782087,0.0,-0.0029382445360457473
19.76,0.0,-0.069126094548578,0.0,0.0016736609428156337
19.78,0.0,-0.06050910501057301,0.0,0.008246029100006004
19.8,0.0,-0.0445830532643159,0.0,0.012067832725320707
19.82,0.0,-0.02733709274146979,0.0,0.009491312619985958
19.84,0.0,0.08281805248035609,0.0,0.00981254988801403
19.86,0.0,0.08522159884004055,0.0,0.011131879724334463
19.88,0.0,0.10139587779094895,0.0,0.014129649066002382
19.900000000000002,0.0,0.0717020100898543,0.0,0.010727852496276042
19.92,0.0,0.0038336122158391453,0.0,0.007084354820881279
19.94,0.0,0.03245408867079511,0.0,0.0031769290801965853
19.96,0.0,0.06926930821673986,0.0,0.004694267204255534
19.98,0.0,0.06948123805418559,0.0,0.0015276892698687834
20.0,0.0,0.0499120248175291,0.0,-0.0033085301716757652
