time,v_pred_mps,v_meas_mps,w_pred_radps,w_meas_radps
0.0,0.28,0.323137221099162,0.04370725277491347,0.011731585078701104
0.020022246941045607,0.2822704179921412,0.3266483760128348,0.046078953976746675,0.014514652404993209
0.04004449388209121,0.28454020716873124,0.32600558124937634,0.04844506727081963,0.01766993431653783
0.060066740823136816,0.286808738965641,0.3214017883963107,0.050805305723039935,0.027142297095594608
0.08008898776418243,0.28907538532147636,0.3238536458710448,0.05315938311174619,0.03182071764883993
0.10011123470522804,0.29133951892867227,0.3283232045124754,0.05550701396241753,0.03768546409393793
0.12013348164627363,0.29360051348426003,0.3162352231504981,0.05784791358229255,0.04205691960386242
0.14015572858731926,0.2958577439401974,0.33052590974296947,0.06018179809489358,0.03793926661452726
0.16017797552836485,0.2981105867531534,0.32832322994602486,0.06250838447445169,0.04190084243628244
0.18020022246941045,0.3003584201336401,0.3263444005523083,0.06482739058022878,0.04004150461541307
0.20022246941045607,0.3026006242943815,0.32206035735866256,0.06713853519073229,0.03208229864827368
0.22024471635150167,0.3048365816978129,0.3374019047518661,0.0694415380378183,0.036391455341750666
0.24026696329254726,0.3070656773026028,0.33457631527323745,0.07173611984067918,0.04275597697513249
0.26028921023359286,0.3092872988090902,0.34148680914803053,0.07402200233971143,0.03585941361119555
0.2803114571746385,0.311500836903531,0.3390581469847958,0.07629890833025976,0.03774221712511987
0.3003337041156841,0.3137056855010463,0.33926577513755724,0.07856656169623301,0.04668649956554083
0.3203559510567297,0.31590124198716946,0.3302065336847624,0.08082468744358845,0.041519115703884224
0.3403781979977753,0.3180869074578839,0.33174249064648,0.08307301173367958,0.045448458354346216
0.3604004449388209,0.3202620869580507,0.33168831786527375,0.0853112619164642,0.04909218626739227
0.38042269187986655,0.32242618971811876,0.3352080477021441,0.087539166563568,0.053456041755674796
0.40044493882091214,0.32457862938901905,0.33534905382475644,0.08975645550120033,0.051863981171473006
0.42046718576195774,0.3267188242751372,0.3265866324193383,0.09196285984291752,0.05082045076980122
0.44048943270300334,0.3288461975652654,0.32578150745435636,0.09415811202223037,0.057085646900765535
0.46051167964404893,0.3309601775614328,0.3295156832020031,0.09634194582505129,0.060993835776781594
0.48053392658509453,0.3330601979055154,0.3423347013472392,0.09851409642197771,0.06429099581326247
0.5005561735261401,0.3351456978035264,0.3369008798204428,0.10067430040040734,0.06609254344539102
0.5205784204671857,0.3372161222474906,0.33634441332193665,0.10282229579648178,0.06625280824634476
0.5406006674082314,0.33927092223480637,0.3338989642346153,0.10495782212685438,0.06873752141151318
0.560622914349277,0.3413095549849994,0.3465371920555092,0.10708062042027852,0.06832231834941113
0.5806451612903226,0.3433314841537751,0.35664425950199496,0.10919043324901259,0.06828649574379807
0.6006674082313682,0.34533618004427713,0.3512947274655005,0.11128700476003783,0.06735276072931037
0.6206896551724138,0.3473231198154588,0.3476000640149237,0.113370080706085,0.06925637603828294
0.6407119021134594,0.34929178768747937,0.34750013242967925,0.11543940847646657,0.06806745104594206
0.660734149054505,0.3512416751440343,0.34590791842989216,0.11749473712771034,0.07155435844615857
0.6807563959955506,0.35317228113153337,0.34944822914514534,0.11953581741399087,0.06534705798681584
0.7007786429365962,0.35508311225503925,0.35288988659938064,0.12156240181735505,0.07479554630463534
0.7208008898776418,0.3569736829708825,0.3643433062659171,0.12357424457773804,0.07639882838252486
0.7408231368186874,0.35884351577586937,0.37633014542202553,0.12557110172276634,0.07553246043783998
0.7608453837597331,0.3606921413930007,0.37937943029354004,0.12755273109734358,0.07709270085701189
0.7808676307007787,0.36251909895362133,0.37454855304285334,0.1295188923930165,0.07540422000840825
0.8008898776418243,0.36432393617592174,0.3806527159044064,0.13146934717711656,0.07333302536770828
0.8209121245828699,0.3661062095397145,0.3892396377941078,0.13340385892167414,0.08165654009076566
0.8409343715239155,0.36786548445741,0.38374294680413706,0.13532219303210197,0.08315749756755796
0.8609566184649611,0.3696013354411182,0.3867597701939682,0.13722411687564395,0.08788868560588546
0.8809788654060067,0.3713133462658036,0.40026891492282474,0.13910939980958606,0.09143102561872382
0.9010011123470523,0.3730011101284234,0.41022345616375977,0.14097781320922592,0.10395166504183423
0.9210233592880979,0.3746642298029806,0.41738702767575664,0.14282913049559784,0.09610188580353843
0.9410456062291435,0.37630231779142437,0.40915362726493426,0.1446631271629495,0.09946635535912511
0.9610678531701891,0.3779149964703342,0.40933698412329034,0.1464795808059671,0.09984915136215208
0.9810901001112348,0.3795018982333229,0.41381874283087017,0.14827827114674663,0.09607509138839906
1.0011123470522802,0.3810626656290987,0.41040028327968986,0.15005898006150603,0.09879095444531538
1.0211345939933258,0.3825969514951266,0.411374035206066,0.1518214916070368,0.10457183687362218
1.0411568409343714,0.38410441908683196,0.41042925136813735,0.1535655920468912,0.11017794817107252
1.061179087875417,0.38558474220228967,0.40798087263690924,0.15529106987730137,0.1077543853319466
1.0812013348164629,0.38703760530234793,0.408436521640317,0.15699771585282818,0.113295427978226
1.1012235817575085,0.38846270362613233,0.40549216000854654,0.15868532301173605,0.11217613280887502
1.121245828698554,0.3898597433018835,0.4064923898991066,0.1603536867010907,0.11970110414090898
1.1412680756395996,0.3912284414530793,0.4145634130566883,0.1620026046015771,0.12051701401981946
1.1612903225806452,0.39256852629979677,0.41300788108898684,0.1636318767520342,0.11404927595505776
1.1813125695216908,0.3938797372552715,0.4152683009195283,0.1652413055737042,0.12123850920219222
1.2013348164627364,0.39516182501761193,0.40756456451294165,0.16683069589419217,0.11601273793445133
1.221357063403782,0.3964145516566314,0.4079091144493704,0.16839985497113436,0.12318031682139899
1.2413793103448276,0.39763769069575955,0.4122635393570689,0.16994859251557187,0.1307812044052362
1.2614015572858732,0.3988310271889997,0.40476046443608893,0.1714767207150264,0.12366129203480827
1.2814238042269188,0.3999943577928998,0.3995225749471004,0.17298405425627597,0.13880214478645303
1.3014460511679644,0.4011274908335056,0.39599088860904935,0.17447041034782765,0.1386403158474128
1.32146829810901,0.4022302463682694,0.3860170395522249,0.17593560874208414,0.13802406799000644
1.3414905450500556,0.4033024562428884,0.39041790774155005,0.17737947175720226,0.14252603654888887
1.3615127919911012,0.40434396414304846,0.40122471270699933,0.17880182429863983,0.14142196564965664
1.3815350389321468,0.40535462564105185,0.3942276054197814,0.18020249388038936,0.14833357521928378
1.4015572858731924,0.4063343082373121,0.40035849013384855,0.1815813106458948,0.1516465599501551
1.421579532814238,0.4072828913966957,0.4068432237187337,0.18293810738865,0.15593799340732858
1.4416017797552836,0.40820026657969977,0.4103002776809913,0.18427271957247535,0.15291326251206724
1.4616240266963292,0.40908633726845045,0.4089430127254953,0.18558498535147075,0.15891978766129436
1.4816462736373748,0.409941018987514,0.41099801970964817,0.18687474558964257,0.16416541393244716
1.5016685205784206,0.41076423931951295,0.4081924011814719,0.18814184388020155,0.1677457762907074
1.5216907675194662,0.4115559379155395,0.4087725937793959,0.18938612656453002,0.1791782967037623
1.5417130144605118,0.41231606650036756,0.40868689895836546,0.19060744275081581,0.17686816137144679
1.5617352614015574,0.4130445888724573,0.41692153992255543,0.19180564433235064,0.1711047279955744
1.581757508342603,0.4137414808987588,0.4237701710030196,0.19298058600549073,0.1780464921216414
1.6017797552836486,0.41440673050431415,0.427538488872502,0.19413212528727739,0.17382671964944407
1.6218020022246942,0.4150403376566683,0.4260348140247464,0.19526012253271585,0.16774140592961617
1.6418242491657398,0.41564231434509274,0.4300964105222269,0.19636444095170957,0.16616547296752457
1.6618464961067854,0.4162126845546366,0.43309824244880807,0.19744494662564868,0.17245143849812686
1.681868743047831,0.4167514842350152,0.43759378465090876,0.1985015085236499,0.17075021484257388
1.7018909899888766,0.41725876126435285,0.4350856685381763,0.19953399851844641,0.17534953656887023
1.7219132369299222,0.41773457540779685,0.43519662828343547,0.20054229140192567,0.18057654483015173
1.7419354838709677,0.4181789982710223,0.4227721374582664,0.2015262649003132,0.1841252929329451
1.7619577308120133,0.41859211324865003,0.4231600777872058,0.2024857996890004,0.18637361175843842
1.781979977753059,0.4189740154676013,0.42112726322895655,0.20342077940701492,0.18456766616398748
1.8020022246941045,0.41932481172541664,0.41207583178086576,0.20433109067113137,0.18474507523393752
1.8220244716351501,0.4196446204235664,0.40702325677729384,0.20521662308962124,0.18447984350487467
1.8420467185761957,0.41993357149578453,0.41496824688614786,0.20607726927563988,0.18719426686198803
1.8620689655172413,0.4201918063314586,0.42851254990876114,0.20691292486024912,0.18324679722023293
1.882091212458287,0.4204194776941109,0.4297295649836697,0.20772348850507366,0.1835704791074931
1.9021134593993325,0.4206167496350087,0.4285767022488241,0.20850886191459056,0.18127966321685585
1.9221357063403781,0.4207837974019419,0.4192386363113723,0.20926894984804903,0.1777703619285099
1.942157953281424,0.4209208073432114,0.4216462695787663,0.21000366013102037,0.19098546965091834
1.9621802002224695,0.4210279768068707,0.4281124096240083,0.21071290366657547,0.19361802873187614
1.9822024471635151,0.4211055140352669,0.42222389244544617,0.21139659444608974,0.18855477254044598
2.0022246941045605,0.421153638054929,0.410396642068573,0.21205464955967304,0.19464404427582988
2.0222469410456063,0.4211725785618538,0.4188754906981863,0.21268698920622398,0.20126457496643585
2.0422691879866517,0.4211625758022404,0.4194335976617675,0.2132935367031074,0.20358950233651296
2.0622914349276975,0.4211238804487287,0.4205322736316784,0.21387421849545343,0.19938008650471417
2.082313681868743,0.42105675347219684,0.4136814172365928,0.21442896416507728,0.204755699125407
2.1023359288097887,0.4209614660091749,0.4113059249881857,0.2149577064390189,0.1970835905551854
2.122358175750834,0.42083829922493654,0.40670596998239356,0.21546038119770083,0.1931160792558458
2.14238042269188,0.42068754417232873,0.4015083754606804,0.2159369274827041,0.18872413578597477
2.1624026696329257,0.42050950164640344,0.39758798160837905,0.21638728750416034,0.18200363522761204
2.182424916573971,0.4203044820349177,0.3960553002685018,0.2168114066477599,0.1792076389431395
2.202447163515017,0.42007280516476736,0.40566066199720613,0.217209233481375,0.17612819731938556
2.2224694104560623,0.4198148001444256,0.4074638205280378,0.21758071976129645,0.1778103416336165
2.242491657397108,0.4195308052024561,0.4010791758719733,0.2179258204380844,0.17571127915270068
2.2625139043381535,0.4192211675221727,0.40891617028308436,0.21824449366203127,0.17443270484778065
2.2825361512791993,0.41888624307252087,0.40286296209445294,0.21853670078823684,0.1858965425152777
2.3025583982202447,0.4185263964352568,0.4040603402352389,0.2188024063812945,0.1845562061231832
2.3225806451612905,0.41814200062850027,0.4058426696886455,0.21904157821958858,0.1857350649527177
2.342602892102336,0.41773343692674164,0.40197338319249565,0.21925418729920174,0.18178239566816218
2.3626251390433817,0.4173010946773839,0.400975187564863,0.21944020783743232,0.1768529062599123
2.382647385984427,0.41684537111390013,0.40272884325127944,0.21959961727592078,0.18431950609832243
2.402669632925473,0.4163666711656916,0.4099857065790961,0.21973239628338548,0.18751353905011478
2.4226918798665182,0.41586540726473137,0.4041450625275176,0.2198385287579668,0.18477892613391173
2.442714126807564,0.4153419991490791,0.404668943203578,0.21991800182917995,0.1894554892096512
2.4627363737486094,0.4147968736633557,0.40887746032021927,0.2199708058594756,0.18637608829207206
2.4827586206896552,0.4142304645562661,0.3976986437395152,0.2199969344454087,0.1846095404262122
2.5027808676307006,0.4136432122752624,0.3975674158099617,0.2199963844184149,0.17649492091552618
2.5228031145717464,0.41303556375843625,0.40318763960962223,0.219969155845195,0.1781888304680011
2.542825361512792,0.4124079722237365,0.40050065150831277,0.21991525202770662,0.1831623175451802
2.5628476084538376,0.4117608969556038,0.39883588005306037,0.219834679502764,0.173807205437555
2.5828698553948835,0.41109480308911905,0.3975013772267501,0.21972744804124508,0.1817395721245344
2.602892102335929,0.41041016139176045,0.39785631448616693,0.21959357064690682,0.184100455434525
2.6229143492769746,0.4097074480428682,0.38365144853405303,0.21943306355480804,0.1917728240325991
2.64293659621802,0.4089871444109135,0.38189595178914165,0.21924594622934082,0.18658287074905858
2.662958843159066,0.40824973682867277,0.37029932932010223,0.21903224136187,0.17992294765178668
2.682981090100111,0.4074957163664062,0.3735226034129905,0.21879197486798138,0.18256100330144467
2.703003337041157,0.4067255786031416,0.38566533245832285,0.21852517588433912,0.1738428291457954
2.7230255839822024,0.40593982339616697,0.38397031090718087,0.2182318767651523,0.1770251590445775
2.743047830923248,0.40513895464883215,0.3843655782349383,0.21791211307825137,0.1754650620562947
2.7630700778642936,0.4043234800767654,0.38242319735457236,0.21756592360077506,0.18784147782047456
2.7830923248053394,0.4034939109726069,0.3793713929410651,0.2171933503144677,0.18102920660591582
2.803114571746385,0.40265076196936567,0.38629093833758776,0.2167944384005884,0.18247060592789793
2.8231368186874306,0.4017945508025039,0.38472898844166237,0.21636923623443186,0.18837736407202013
2.843159065628476,0.4009257980708554,0.3809044813258798,0.2159177953794621,0.192352933758966
2.863181312569522,0.4000450269964841,0.37574527384552203,0.21544017058105935,0.1898420619808941
2.883203559510567,0.3991527631835901,0.3755855168867126,0.21493641975988123,0.18568350973208653
2.903225806451613,0.39824953437656924,0.3693173712065093,0.21440660400483885,0.187273158731971
2.9232480533926584,0.3973358702173358,0.37293447113214634,0.21385078756568865,0.1912223492705086
2.943270300333704,0.39641230200201366,0.37796747274879283,0.2132690378452409,0.18946744964835227
2.9632925472747496,0.39547936243710696,0.37883183987595176,0.212661425391186,0.189252878624805
2.9833147942157954,0.3945375853952561,0.36968468573409435,0.2120280238875391,0.19278542702537785
3.003337041156841,0.3935875056706894,0.37309744780150184,0.2113689101457049,0.18279780931850134
3.0233592880978866,0.39262965873447836,0.36467183661716746,0.2106841640951626,0.18162164497182834
3.0433815350389324,0.39166458048970526,0.3624393193532411,0.20997386877377297,0.17574418998908892
3.0634037819799778,0.39069280702665216,0.35618480593054525,0.20923811031770884,0.16930878966071933
3.0834260289210236,0.38971487437811986,0.3575584565484879,0.20847697795100914,0.17869665482632185
3.103448275862069,0.3887313182749858,0.3559234331543639,0.2076905639747591,0.17254851333642668
3.1234705228031148,0.387742673902109,0.36161257635878974,0.20687896375589704,0.17812723297092442
3.14349276974416,0.38674947565469064,0.3647304043239869,0.20604227571564937,0.17823952799103976
3.163515016685206,0.3857522568951989,0.36078794877813325,0.20518060131759516,0.17650362740353964
3.1835372636262513,0.3847515497109653,0.3616108894565592,0.20429404505536206,0.17881054786439618
3.203559510567297,0.3837478846725601,0.3695990868406405,0.20338271443995423,0.1778551916899186
3.2235817575083425,0.38274179059305546,0.3675680377097608,0.2024467199867151,0.17668841392877288
3.2436040044493883,0.3817337942882806,0.3616461123022182,0.2014861752019249,0.17906473395994962
3.2636262513904337,0.380724420338178,0.36528184004807895,0.2005011965690365,0.17342882031545792
3.2836484983314795,0.3797141908493649,0.3656410501731601,0.1994919035345491,0.17031009640536082
3.303670745272525,0.3787036252190059,0.366257627596273,0.19845841849352377,0.16932481836202581
3.3236929922135707,0.3776932399001013,0.3749308929367386,0.1974008667747403,0.1687732409139846
3.343715239154616,0.3766835481682953,0.3678692595487536,0.19631937662549928,0.17243812397227073
3.363737486095662,0.3756750598903084,0.3655186433095265,0.19521407919606934,0.16811557778870834
3.3837597330367073,0.37466828129409435,0.366077590875464,0.19408510852378322,0.1723895432618336
3.403781979977753,0.3736637147408262,0.3685994610410614,0.19293260151678301,0.1413539259310102
3.423804226918799,0.3726618584988108,0.3694113129111411,0.19175669793741779,0.13924617086489088
3.4438264738598443,0.37166320651943274,0.3759254002157203,0.19055754038529474,0.13579988416006128
3.46384872080089,0.37066824821522665,0.3687521754343419,0.18933527427998634,0.13229433842097843
3.4838709677419355,0.3696774682401762,0.36180430753148907,0.18809004784339586,0.13473640854481123
3.5038932146829813,0.3686913462723379,0.3656823425113439,0.18682201208178245,0.1427838977333823
3.5239154616240267,0.3677103567988844,0.3622677678322286,0.1855313207674491,0.13673378540369804
3.5439377085650725,0.3667349689036643,0.3602400443978473,0.184218130420095,0.13247112702391836
3.563959955506118,0.3657656460573715,0.3599721224984511,0.18288260028783443,0.1382630262809621
3.5839822024471637,0.3648028459104171,0.3634708654406639,0.1815248923278853,0.14006441964609076
3.604004449388209,0.3638470200885958,0.3535554478222598,0.18014517118692888,0.13943071746749217
3.624026696329255,0.36289861399163703,0.35564839849744095,0.17874360418114318,0.13516878933683746
3.6440489432703003,0.36195806659473034,0.3523694311890723,0.1773203612759132,0.12534560247695548
3.664071190211346,0.36102581025311253,0.34276334909105377,0.17587561506521912,0.12136088081641118
3.6840934371523915,0.360102270509803,0.34269099850881285,0.17440954075070664,0.12660293928853697
3.7041156840934373,0.35918786590657215,0.33345066196648915,0.17292231612044007,0.11504437115143998
3.7241379310344827,0.3582830077982281,0.3359269434974317,0.17141412152734273,0.11347336998035243
3.7441601779755285,0.35738810017030054,0.3391308681031989,0.16988513986732587,0.11663631519239859
3.764182424916574,0.3565035394602058,0.345707253049201,0.16833555655710883,0.10589781201426587
3.7842046718576197,0.35562971438197033,0.3431642236019488,0.16676555951173436,0.09541328940217395
3.804226918798665,0.3547670057545902,0.34628531928196404,0.1651753391217803,0.0991175924821678
3.824249165739711,0.3539157863341028,0.3459364945406567,0.1635650882302713,0.0986271979242822
3.8442714126807562,0.353076420649445,0.3374392246913461,0.16193500210929312,0.10579178699056171
3.864293659621802,0.35224926484216995,0.3276138087188755,0.1602852784363123,0.10736892760106884
3.884315906562848,0.35143466651009353,0.32452585618366875,0.15861611727020433,0.11109187415147183
3.9043381535038932,0.35063296455493936,0.31907741667609485,0.15692772102699282,0.1150093758950291
3.924360400444939,0.34984448903404963,0.32125568187149817,0.15522029445530267,0.1107603529855171
3.9443826473859844,0.34906956101622755,0.31150900804084003,0.15349404461153107,0.10384271566248736
3.9644048943270302,0.3483084924417741,0.3105105396961839,0.15174918083473762,0.10109310341927802
3.9844271412680756,0.34756158598678166,0.312685962374765,0.14998591472125863,0.09953273335839871
4.004449388209121,0.34682913493174444,0.31816949152695206,0.1482044600990469,0.10071444060226357
4.024471635150167,0.3461114230345428,0.31417422438620807,0.1464050330017414,0.09305913957949496
4.044493882091213,0.3454087244078574,0.327580603434749,0.14458785164246934,0.0872285329576491
4.064516129032258,0.3447213034010692,0.3345947007933644,0.14275313638738357,0.09061789200563518
4.084538375973303,0.34404941448669346,0.3345446228766656,0.14090110972893957,0.08986438716222109
4.10456062291435,0.3433933021514019,0.34404410999862306,0.13903199625891374,0.081004013232991
4.124582869855395,0.34275320079167826,0.3403334760592039,0.1371460226411682,0.07789285037892693
4.14460511679644,0.3421293346141532,0.3393034757773961,0.13524341758416322,0.0791407224394206
4.164627363737486,0.341521917540664,0.32907838214764673,0.13332441181322227,0.07522486373721556
4.184649610678532,0.3409311531180791,0.32719443692943523,0.1313892380425523,0.07279364367301386
4.204671857619577,0.3403572344329274,0.3258187151969111,0.1294381309470235,0.06831984256312924
4.224694104560623,0.3398003440308706,0.32347947997869164,0.12747132713370993,0.06301879373226513
4.244716351501668,0.3392606538410526,0.3281166645619637,0.12548906511319693,0.06974171688002365
4.264738598442714,0.3387383251053596,0.33038990549243014,0.12349158527065769,0.07650110969384996
4.28476084538376,0.3382335083126223,0.3280501984337084,0.12147912983670195,0.07812757853980867
4.304783092324805,0.33774634313778734,0.3311746801257491,0.11945194285800084,0.07983183650486235
4.324805339265851,0.3372769583860871,0.3315638360472651,0.1174102701676924,0.07221213043503862
4.344827586206897,0.3368254719422287,0.32894473532587004,0.11535435935556959,0.06998233223197527
4.364849833147942,0.33639199072462755,0.3234852449274363,0.11328445973805525,0.06954099741869575
4.3848720800889875,0.3359766106447027,0.3258759010113791,0.11120082232796857,0.07436558771835017
4.404894327030034,0.335579416571253,0.31904383057948243,0.10910369980408458,0.0693565566648259
4.424916573971079,0.3352004822999293,0.31469900013410074,0.10699334648049286,0.05937995458004052
4.4449388209121246,0.33483987052781394,0.31697343947239953,0.10487001827575708,0.060651151422536416
4.46496106785317,0.3344976328331212,0.3167231101805982,0.10273397268188013,0.0571142452349498
4.484983314794216,0.334173809660024,0.31205935023553844,0.10058546873307851,0.0590385357100574
4.505005561735262,0.33386843030861624,0.31162671227354594,0.09842476697437048,0.05813017489307262
4.525027808676307,0.3335815129300109,0.31479877480889273,0.09625212942997914,0.06142982297195453
4.545050055617352,0.3333130645265798,0.3111815642748209,0.09406781957155796,0.05902741403616303
4.565072302558399,0.3330630809573304,0.3163718129287835,0.09187210228623974,0.055262436049620625
4.585094549499444,0.33283154694841877,0.3056774919413189,0.0896652438445149,0.04974863875648436
4.605116796440489,0.33261843610879416,0.309239296132723,0.08744751186794034,0.04492198477169697
4.625139043381535,0.3324237109509646,0.30716919637440865,0.08521917529668611,0.04166317695369415
4.645161290322581,0.33224732291687764,0.305729290971514,0.08298050435692164,0.02761429618213406
4.665183537263626,0.33208921240890044,0.3081728184767005,0.08073177052804567,0.031482830500263174
4.685205784204672,0.3319493088258877,0.3157143707333462,0.07847324650976426,0.029269622487765004
4.705228031145718,0.33182753060431913,0.3191520129206583,0.07620520618902149,0.021222306126510652
4.725250278086763,0.33172378526448826,0.3159769105460518,0.07392792460678556,0.02335561661547457
4.745272525027809,0.3316379694617209,0.3176174385293499,0.07164167792469466,0.016054501908069375
4.765294771968854,0.3315699690426013,0.29976822489878174,0.06934674339156809,0.01616946977511549
4.7853170189099,0.3315196591061776,0.29993071850505826,0.06704339930978409,0.008002856839645169
4.805339265850946,0.33148690407012255,0.354322343899316,0.06473192500153128,0.0058373365502816105
4.825361512791991,0.33147155774181625,0.3561296696815119,0.06241260077493548,-0.00805969178516968
4.8453837597330365,0.33147346339431993,0.3600385745773268,0.0600857078900671,-0.009734979988891328
4.865406006674083,0.33149245384720694,0.3509398297186203,0.057751528524833354,-0.002038529106329824
4.885428253615128,0.33152835155221366,0.3533542074264319,0.05541034574075973,-0.0011085457496450221
4.9054505005561735,0.3315809686836714,0.356348900420534,0.05306244344866258,-0.0033530720553607493
4.925472747497219,0.33165010723367955,0.3512488381084048,0.05070810637422034,-0.0028146267465946825
4.945494994438265,0.3317355591119764,0.3542854448359569,0.04834762002344558,-0.005320818882746554
4.9655172413793105,0.33183710625046187,0.35032457303802744,0.045981270648062,-0.008091148473912464
4.985539488320356,0.3319545207123265,0.3454844014464683,0.04360934521079092,-0.007986687176455835
5.005561735261401,0.33208756480573715,0.34415057721240494,0.04123213135055257,-0.01347763569520058
5.0255839822024475,0.3322359912020272,0.34536479597010056,0.03884991734758384,-0.020092460986215477
5.045606229143493,0.3323995430583394,0.33456222940506536,0.0364629920884798,-0.024052600456766667
5.065628476084538,0.33257795414466573,0.3311877233634496,0.034071645031160634,-0.024259123577228953
5.085650723025584,0.33277094897522685,0.330747937491459,0.03167616616976948,-0.0340286722993763
5.10567296996663,0.33297824294413286,0.3387046168303934,0.029276845999505436,-0.038311422222467514
5.125695216907675,0.3331995424652634,0.344738111205932,0.026873975481396473,-0.041333076029656635
5.145717463848721,0.33343454511630527,0.34845211420592237,0.024467846007013953,-0.05499797725106332
5.165739710789767,0.33368293978688257,0.3427094104624297,0.022058749363136718,-0.04684900413784446
5.185761957730812,0.333944406830712,0.3544160307511498,0.019646977696367224,-0.05094035132407958
5.205784204671858,0.33421861822171695,0.36041720475810335,0.017232823477702337,-0.05048276365179782
5.225806451612903,0.334505237714028,0.35928962206306303,0.014816579467066581,-0.05143480244829322
5.245828698553949,0.3348039210058006,0.3560381722980085,0.0123985386778098,-0.039794608144781786
5.265850945494995,0.33511431590677343,0.3518980620935327,0.009978994341173799,-0.04761944464326549
5.28587319243604,0.33543606250949565,0.3557437943882651,0.007558239870732431,-0.05340867879275275
5.305895439377085,0.33576879336414345,0.3493996579250305,0.005136568826810591,-0.054713617741085685
5.325917686318132,0.33611213365684894,0.35625627993037146,0.002714274880883913,-0.051998585900226005
5.345939933259177,0.3364657013914612,0.35874055527498694,0.000291651779966477,-0.06227054284792972
5.365962180200222,0.3368291075746582,0.35949876641119893,-0.0021310066890116337,-0.06462624074611358
5.385984427141268,0.33720195640432604,0.35285558339504197,-0.004553406734831513,-0.05937435384548391
5.406006674082314,0.3375838454611213,0.3542274683348018,-0.0069752545976128405,-0.06341168823342225
5.426028921023359,0.3379743659031317,0.3662198895618179,-0.009396256584436904,-0.07080434592609353
5.446051167964405,0.33837310266354537,0.3654224237030815,-0.011816119104963359,-0.0673271380429888
5.46607341490545,0.3387796346512438,0.3636496379143543,-0.014234548707032689,-0.06963825711954374
5.486095661846496,0.33919353495422444,0.36144273279607264,-0.016651252112252504,-0.07344853016558588
5.506117908787542,0.3396143710457655,0.3686516116380068,-0.019065936251563036,-0.07707496352825156
5.526140155728587,0.3400417049932382,0.3743339283868139,-0.021478308300777384,-0.08494188015406029
5.546162402669633,0.3404750936694745,0.37471390437887114,-0.023888075716091053,-0.08488081319698987
5.566184649610679,0.3409140889665935,0.37691906268939485,-0.026294946269558975,-0.09328594643231446
5.586206896551724,0.3413582380121936,0.3787788277760355,-0.028698628084532767,-0.09361841938161952
5.60622914349277,0.34180708338781174,0.37595361254445603,-0.031098829671056327,-0.09950640194003264
5.626251390433816,0.34226016334955167,0.372980631115192,-0.03349525996121458,-0.10245030298445487
5.646273637374861,0.3427170120507832,0.37897790738287745,-0.03588762834443016,-0.10083968832149379
5.666295884315907,0.3431771597668134,0.382220371250081,-0.0382756447027055,-0.10251085614294389
5.686318131256952,0.3436401331214266,0.38297873495677937,-0.04065901944580504,-0.09765011163206086
5.706340378197998,0.34410545531519515,0.3778474920943601,-0.04303746354637326,-0.09861096591798131
5.726362625139044,0.3445726463554552,0.37476341547245257,-0.04541068857498375,-0.09509183731543414
5.746384872080089,0.3450412232878476,0.37654302951800867,-0.04777840673511769,-0.09956771699747538
5.766407119021134,0.3455107004293178,0.3779972484623439,-0.05014033089806362,-0.09670805913920669
5.786429365962181,0.34598058960247197,0.3800752624510257,-0.05249617463773736,-0.10031871296709705
5.806451612903226,0.3464504003711834,0.3854481513106302,-0.05484565226541562,-0.10043317236597171
5.826473859844271,0.3469196402773442,0.38063860581687325,-0.057188478864382046,-0.10263608155429249
5.846496106785317,0.3473878150786565,0.37788394736051845,-0.05952437032447791,-0.10563537231333901
5.866518353726363,0.3478544289873554,0.372820656298315,-0.06185304337655547,-0.11328186127075865
5.886540600667408,0.34831898490975793,0.3881159619433447,-0.06417421562682972,-0.10626473646516418
5.906562847608454,0.34878098468653057,0.3856046131709535,-0.06648760559112399,-0.1069099604241601
5.926585094549499,0.3492399293335673,0.3864289706132226,-0.06879293272900437,-0.10981271238865545
5.946607341490545,0.3496953192833697,0.388188424784252,-0.07108991747780108,-0.1189063012906071
5.966629588431591,0.350146654626823,0.389688308087971,-0.0733782812865098,-0.12201856993391358
5.986651835372636,0.350593435355257,0.38226435145446636,-0.07565774664957138,-0.12932298389459895
6.006674082313682,0.3510351616026857,0.3756049499717184,-0.07792803714052472,-0.13707909735094082
6.026696329254728,0.35147133388811536,0.3697427465717682,-0.0801888774455275,-0.1431085270084213
6.046718576195773,0.3519014533578143,0.36659633987407414,-0.08243999339674415,-0.14952759823677353
6.0667408231368185,0.3523250220274329,0.35744169324076847,-0.08468111200559299,-0.14857032721896646
6.086763070077865,0.3527415430238692,0.36783902640556476,-0.08691196149585127,-0.148420232160205
6.10678531701891,0.3531505208267677,0.3692023670014544,-0.08913227133661242,-0.1515181953637717
6.1268075639599555,0.3535514615095461,0.37093391238151446,-0.09134177227509374,-0.1632281820031052
6.146829810901001,0.3539438729798399,0.37025558674129183,-0.09354019636928763,-0.1592853302710504
6.166852057842047,0.3543272652192588,0.36438854879517213,-0.09572727702045433,-0.1536549058843189
6.1868743047830925,0.3547011505223446,0.3650453665498579,-0.097902749005452,-0.15351494930575793
6.206896551724138,0.35506504373462766,0.3609990473711177,-0.10006634850890005,-0.1559345145441609
6.226918798665183,0.3554184624896704,0.3644732142338965,-0.10221781315517102,-0.15794058515749831
6.2469410456062295,0.3557609274449953,0.3719252807770949,-0.10435688204020897,-0.16434007648767635
6.266963292547275,0.3560919625167888,0.37764146760135925,-0.10648329576316831,-0.16596287146955602
6.28698553948832,0.3564110951132777,0.3768580902920657,-0.10859679645787106,-0.16497425784734618
6.307007786429366,0.35671785636667197,0.3799697573340308,-0.11069712782407792,-0.16323645333396625
6.327030033370412,0.3570117813635708,0.3755794493646465,-0.11278403515856934,-0.1665786022425656
6.347052280311457,0.35729240937372764,0.37867427451402985,-0.1148572653860322,-0.16609215238150676
6.367074527252503,0.35755928407707166,0.3845986713149748,-0.11691656708975089,-0.17305011579570084
6.387096774193548,0.3578119537888845,0.3864993845591813,-0.11896169054209543,-0.17625261374148418
6.407119021134594,0.35804997168302927,0.38859101169098664,-0.12099238773480549,-0.17587399195958375
6.42714126807564,0.3582728960131338,0.383595185348349,-0.12300841240906603,-0.17322137940196286
6.447163515016685,0.35848029033162654,0.3862750054372455,-0.1250095200853708,-0.17513432395470083
6.467185761957731,0.3586717237065285,0.3935607291561092,-0.1269954680931696,-0.17454327042574505
6.487208008898777,0.358846770935902,0.3890661315898503,-0.1289660156002965,-0.1845834624775485
6.507230255839822,0.359005012759861,0.39629686569005007,-0.1309209236421755,-0.19408658428345665
6.527252502780867,0.3591460360700471,0.39198164463908647,-0.1328599551507987,-0.19808508401025965
6.547274749721914,0.35926943411647727,0.38397764986006017,-0.13478287498347577,-0.197036716898257
6.567296996662959,0.35937480671166916,0.3922519048513267,-0.1366894499513486,-0.19497698897490148
6.5873192436040044,0.3594617604319538,0.39179945435992136,-0.13857944884767004,-0.19532496283637235
6.60734149054505,0.3595299088158833,0.39179910248478933,-0.14045264247584197,-0.193586006590458
6.627363737486096,0.3595788725596449,0.3982850349398245,-0.14230880367720952,-0.20263681092252794
6.6473859844271415,0.3596082797093934,0.3986843376996997,-0.14414770735860752,-0.2001480688994865
6.667408231368187,0.35961776585041483,0.39399230770628085,-0.14596913051965826,-0.20486496314532737
6.687430478309232,0.3596069742930362,0.3867721590959923,-0.14777285227981354,-0.21431902027677213
6.7074527252502785,0.35957555625519744,0.3889353752700741,-0.14955865390514053,-0.21956324300774652
6.727474972191324,0.359523171041603,0.38787266270760923,-0.15132631883484732,-0.2155827511689038
6.747497219132369,0.3594494862193719,0.3923616876764849,-0.15307563270754507,-0.2184377366945031
6.767519466073415,0.35935417779010786,0.39656220554326477,-0.15480638338724262,-0.21585179128196785
6.787541713014461,0.3592369303583097,0.385339996026929,-0.1565183609890726,-0.21181238917833708
6.807563959955506,0.3590974372960485,0.38597750139021497,-0.15821135790474297,-0.21622400512079873
6.827586206896552,0.358935400903834,0.3870034387915054,-0.15988516882771386,-0.21312896084588215
6.847608453837598,0.3587505325676002,0.38383821898892895,-0.16153959077809452,-0.21337540901086932
6.867630700778643,0.35854255291173626,0.38263328851888445,-0.1631744231272583,-0.21398752835587484
6.887652947719689,0.35831119194809585,0.3848080040480121,-0.1647894676221723,-0.21449364702399706
6.907675194660734,0.3580561892209152,0.3858780511906572,-0.1663845284094397,-0.2243978694417809
6.92769744160178,0.357777293947575,0.3737201783332482,-0.16795941205905005,-0.22534379246525282
6.947719688542826,0.35747426515514247,0.3793532235921878,-0.1695139275878361,-0.22474226214888057
6.967741935483871,0.3571468718126301,0.3758219170269652,-0.17104788648263428,-0.22646222825325993
6.987764182424916,0.35679489295891215,0.37498861382096305,-0.17256110272314545,-0.2228708159277868
7.007786429365963,0.35641811782624017,0.3769742721483803,-0.17405339280449267,-0.23333386501108655
7.027808676307008,0.3560163459593002,0.3655548335254587,-0.17552457575947497,-0.23572291396366307
7.047830923248053,0.35558938732975903,0.3581102767060889,-0.1769744731805127,-0.2347674456780049
7.067853170189099,0.35513706244624477,0.3555271169022589,-0.17840290924128263,-0.23161687330153558
7.087875417130145,0.3546592024597136,0.35357830506212373,-0.17980971071804053,-0.23434140633141065
7.10789766407119,0.35415564926415277,0.3594975204332818,-0.18119470701062695,-0.2369248117739613
7.127919911012236,0.3536262555925734,0.3576808392538639,-0.18255773016315618,-0.23059362937719077
7.147942157953281,0.35307088510825024,0.3532520876499916,-0.18389861488438344,-0.24283386513638014
7.167964404894327,0.35248941249116517,0.36500307232371243,-0.18521719856775032,-0.2579302309004319
7.187986651835373,0.3518817235196132,0.35905520111954387,-0.18651332131110235,-0.2631605531251977
7.208008898776418,0.35124771514693653,0.36365424428458065,-0.18778682593608156,-0.25807264301460164
7.2280311457174635,0.3505872955733471,0.3660747616263513,-0.18903755800718602,-0.25939273384593164
7.24805339265851,0.3499003843128059,0.36325540663543476,-0.19026536585049897,-0.2571654881765916
7.268075639599555,0.3491869122549286,0.3652705179423269,-0.19147010057208066,-0.2617790127446388
7.2880978865406005,0.34844682172188485,0.3794662900467921,-0.19265161607602607,-0.2578799020639657
7.308120133481647,0.34768006652026895,0.3771760396100363,-0.19380976908218034,-0.26505722450951674
7.328142380422692,0.3468866119879126,0.3737939099002331,-0.19494441914351487,-0.26226240750649643
7.3481646273637375,0.3460664350356204,0.3693289264383648,-0.19605542866315873,-0.2723883537204418
7.368186874304783,0.34521952418380586,0.36233475954633393,-0.19714266291108473,-0.2708445188713449
7.388209121245829,0.3443458795940109,0.36325032239595956,-0.1982059900404484,-0.27165995309355273
7.4082313681868746,0.3434455130952929,0.3658024627365423,-0.19924528110357576,-0.27561094430548394
7.42825361512792,0.3425184482054651,0.3620476455148237,-0.2002604100676018,-0.2798152498403752
7.448275862068965,0.34156472014717953,0.361700333409968,-0.20125125382975345,-0.2792497457953954
7.468298109010012,0.34058437585884416,0.3616382367382394,-0.2022176922322781,-0.276178512982882
7.488320355951057,0.33957747400036653,0.3613825334279183,-0.2031596080770151,-0.27048084940532796
7.508342602892102,0.3385440849537196,0.3540372481364503,-0.20407688713960828,-0.2734731075392875
7.528364849833148,0.3374842908183283,0.35098587907337564,-0.20496941818335726,-0.2796662802604721
7.548387096774194,0.33639818540127636,0.35230321780587276,-0.20583709297270733,-0.28857309435632317
7.568409343715239,0.3352858742023368,0.3426547545033865,-0.20667980628637478,-0.2818880554483233
7.588431590656285,0.3341474743938285,0.347081618961479,-0.20749745593010688,-0.2866139985785889
7.60845383759733,0.33298311479530995,0.3494278586970644,-0.20828994274907506,-0.2876432393560948
7.628476084538376,0.3317929358431143,0.34818978072422035,-0.20905717063989876,-0.28958658146842575
7.648498331479422,0.33057708955474274,0.3499367900614646,-0.20979904656230006,-0.28880453966423697
7.668520578420467,0.32933573948812467,0.33882329916822873,-0.2105154805503863,-0.290634144984104
7.6885428253615125,0.3280690606957664,0.3330993379992166,-0.21120638572356035,-0.2854187022318342
7.708565072302559,0.3267772396738011,0.3329152091863619,-0.2118716782970561,-0.282474528975451
7.728587319243604,0.3254604743059659,0.329956759645128,-0.21251127759209917,-0.2770460436573339
7.7486095661846495,0.3241189738025245,0.3236466865899099,-0.21312510604569038,-0.2769000905583539
7.768631813125696,0.32275295863416403,0.322572825953382,-0.21371308922001211,-0.27817368522745445
7.788654060066741,0.3213626604608909,0.3289537969527432,-0.21427515581145465,-0.2708164223331678
7.8086763070077865,0.3199483220559574,0.31708025365715603,-0.2148112376592637,-0.26924611434101875
7.828698553948832,0.3185101972248481,0.32461161584679493,-0.21532126975380544,-0.27018979887749517
7.848720800889878,0.3170485507193634,0.3176787860687925,-0.21580519024445072,-0.2781410130444797
7.8687430478309235,0.31556365814683307,0.31609497588559343,-0.21626294044707509,-0.2825351757515806
7.888765294771969,0.31405580587450066,0.3089086815917211,-0.21669446485117574,-0.2733251783515504
7.908787541713014,0.3125252909291166,0.30170192380245553,-0.2170997111266028,-0.27417121424749985
7.9288097886540605,0.31097242089178534,0.2940387794813218,-0.21747863012990543,-0.27381084310372805
7.948832035595106,0.3093975137881096,0.2900477499881989,-0.21783117591029147,-0.2837405742310702
7.968854282536151,0.30780089797367755,0.2873213862594588,-0.2181573057151996,-0.2873708978963458
7.988876529477197,0.3061829120149436,0.27536783155030414,-0.2184569799954841,-0.28138195888506057
8.008898776418242,0.304543904565553,0.2788668381065132,-0.2187301624102108,-0.2791818994242735
8.028921023359288,0.3028842342381619,0.27365885286905306,-0.21897681983106387,-0.2831616756065438
8.048943270300335,0.30120426947180945,0.27461894653694974,-0.2191969223463636,-0.2845011481010953
8.068965517241379,0.2995043883948978,0.26908135342300155,-0.2193904432646934,-0.2832673801844589
8.088987764182425,0.29778497868383763,0.2668571908753403,-0.21955735911813692,-0.2807480769444266
8.10901001112347,0.29604643741742354,0.268075579054483,-0.21969764966512365,-0.2810713711981085
8.129032258064516,0.2942891709269964,0.26013474905209055,-0.2198112978928839,-0.28771805852171434
8.149054505005562,0.2925135946424624,0.25497370640559935,-0.2198982900195115,-0.28698932299819413
8.169076751946607,0.29072013293423177,0.25586965897583547,-0.21995861549563556,-0.2864139737695936
8.189098998887653,0.2889092189511451,0.25250743504649914,-0.21999226700569946,-0.28606699047570316
8.2091212458287,0.28708129445446035,0.2416453316104596,-0.21999924046884808,-0.2795664040873537
8.229143492769744,0.2852368096479686,0.2425221549276044,-0.21997953503942275,-0.27553645573896596
8.24916573971079,0.2833762230043117,0.24207149779752396,-0.21993315310706368,-0.2705813926020999
8.269187986651836,0.2815000010875817,0.2453397266634088,-0.21986010029642022,-0.2644852910029512
8.28921023359288,0.2796086183722719,0.24698171496888432,-0.21976038546646887,-0.2725116530527119
8.309232480533927,0.2777025570586623,0.24605956913116653,-0.21963402070943874,-0.2682018922840873
8.329254727474972,0.27578230688471933,0.24791911146806084,-0.21948102134934544,-0.27072947397907027
8.349276974416018,0.2738483649345867,0.2468332172026267,-0.21930140594013245,-0.2706869605787245
8.369299221357064,0.27190123544375716,0.24365973209496453,-0.21909519626342142,-0.27237804571514995
8.389321468298109,0.26994142960100304,0.2512268212453701,-0.21886241732587053,-0.2762199524774914
8.409343715239155,0.2679694653471553,0.2573201113533318,-0.2186030973561421,-0.2788981930005695
8.429365962180201,0.2659858671708174,0.25563467744476065,-0.21831726780147934,-0.2774640343175413
8.449388209121246,0.2639911659011014,0.25546070342817306,-0.21800496332389274,-0.2729316407115782
8.469410456062292,0.2619858984974772,0.2551580134468579,-0.21766622179595668,-0.27232138427747876
8.489432703003336,0.259970607836827,0.258056701587812,-0.21730108429621683,-0.2740612216057429
8.509454949944383,0.25794584249779423,0.25815283015925544,-0.21690959510420843,-0.27102690576313687
8.529477196885429,0.2559121565425242,0.25757870898574275,-0.21649180169508678,-0.2677236542659095
8.549499443826473,0.2538701092958895,0.24873278037306779,-0.21604775473386986,-0.2695895176736737
8.56952169076752,0.2518202651222946,0.239129896893264,-0.21557750806929435,-0.2687796317782609
8.589543937708566,0.24976319320015997,0.2466117123688448,-0.21508111872728558,-0.2721134499911054
8.60956618464961,0.2476994672941812,0.25020314142190203,-0.2145586469040419,-0.27167190205590175
8.629588431590657,0.24562966552546106,0.24684771612362835,-0.21401015595873504,-0.2684124736637242
8.649610678531703,0.24355437013961956,0.24618062582797665,-0.21343571240582648,-0.2708970739977512
8.669632925472747,0.24147416727297588,0.24058026685468958,-0.21283538590700146,-0.2687186997614902
8.689655172413794,0.23938964671690907,0.23465177182297595,-0.2122092492627211,-0.27436601469393246
8.709677419354838,0.23730140168049862,0.23751476007207425,-0.21155737840339436,-0.2773426672847097
8.729699666295884,0.23521002855154566,0.22837474796163915,-0.21087985238016957,-0.28431306226281333
8.74972191323693,0.23311612665608392,0.235795358184439,-0.21017675335534866,-0.2866839487573738
8.769744160177975,0.23102029801647955,0.23907338694556368,-0.20944816659242302,-0.28528280698225483
8.789766407119021,0.22892314710822828,0.24117897903006047,-0.20869418044573393,-0.2811183927303863
8.809788654060068,0.22682528061555662,0.231628980619803,-0.20791488634975797,-0.28394852518217084
8.829810901001112,0.2247273071859294,0.23260241208110877,-0.20711037880801916,-0.2750484577367458
8.849833147942158,0.2226298371835752,0.22725048872056078,-0.20628075538162802,-0.2774949224099377
8.869855394883203,0.22053348244213442,0.22827101314147433,-0.20542611667745167,-0.2804342101601928
8.889877641824249,0.2184388560165377,0.24126982212397297,-0.2045465663359121,-0.27928028620788864
8.909899888765295,0.2163465719342242,0.23204706072600412,-0.2036422110184189,-0.27079974137594887
8.92992213570634,0.21425724494580697,0.22762890003965852,-0.20271316039443418,-0.270501957045816
8.949944382647386,0.21217149027529367,0.22458513664288193,-0.20175952712817316,-0.2669760060980172
8.969966629588432,0.2100899233699731,0.22296148379762395,-0.20078142686494171,-0.2584556539520127
8.989988876529477,0.208013159650076,0.2067401299472197,-0.19977897821711257,-0.2559932394101638
9.010011123470523,0.2059418142583162,0.20126841681282098,-0.19875230274974054,-0.24879041683793252
9.03003337041157,0.20387650180942815,0.20102108435422247,-0.1977015249658214,-0.24804163946045316
9.050055617352614,0.20181783613980211,0.1864682315203199,-0.19662677229119357,-0.2570618420410802
9.07007786429366,0.19976643005733077,0.18301927661468315,-0.19552817505908468,-0.2504491369004161
9.090100111234705,0.19772289509157748,0.18420996069292847,-0.1944058664943073,-0.2478794680417129
9.110122358175751,0.19568784124436941,0.17638159097288306,-0.19325998269710215,-0.23910112567849456
9.130144605116797,0.19366187674093163,0.16708082471901015,-0.19209066262663435,-0.24353547617971766
9.150166852057842,0.19164560778166403,0.174567024681392,-0.19089804808414138,-0.24844046610496562
9.170189098998888,0.18963963829467348,0.16097867248760592,-0.1896822836957372,-0.25394996618505206
9.190211345939934,0.18764456968916862,0.17069966793303196,-0.18844351689487415,-0.256190073055957
9.210233592880979,0.18566100060982255,0.17284588478681356,-0.18718189790446368,-0.2546091660642184
9.230255839822025,0.1836895266922132,0.17452163782536417,-0.1858975797186588,-0.2557001416720563
9.25027808676307,0.18173074031944703,0.17150979023752327,-0.18459071808430175,-0.24512135419826964
9.270300333704116,0.17978523038007158,0.1695154052875672,-0.18326147148203545,-0.24271124230780947
9.290322580645162,0.17785358202738363,0.17332575447974524,-0.18191000110708613,-0.23365032387428714
9.310344827586206,0.17593637644023732,0.17826621306077267,-0.18053647084971497,-0.22982502257709136
9.330367074527253,0.17403419058545608,0.18012682833605934,-0.17914104727534305,-0.23750570266283894
9.350389321468299,0.1721475969819534,0.17842012747592909,-0.17772389960435292,-0.2299062059756733
9.370411568409343,0.17027716346666458,0.18085135565016736,-0.17628519969156775,-0.2277122693404659
9.39043381535039,0.16842345296238984,0.1793279095483311,-0.17482512200540953,-0.23304815163507336
9.410456062291436,0.16658702324765456,0.17835969896539797,-0.17334384360674307,-0.23442568341290118
9.43047830923248,0.16476842672868208,0.17736374983102107,-0.1718415441274035,-0.23972688334736328
9.450500556173527,0.16296821021358052,0.18235922428452558,-0.1703184057484124,-0.23274872884142195
9.470522803114571,0.16118691468884477,0.16862691855645756,-0.1687746131778857,-0.22914571620641827
9.490545050055617,0.15942507509826503,0.1645467920681542,-0.167210353628634,-0.22706933277664432
9.510567296996664,0.15768322012434574,0.16523253552284722,-0.16562581679545985,-0.1797115706839667
9.530589543937708,0.15596187197232345,0.16490684440087594,-0.16402119483215377,-0.17671313406582775
9.550611790878754,0.15426154615688228,0.16885566256529158,-0.16239668232819182,-0.1854037599173309
9.5706340378198,0.15258275129165882,0.15879715935007413,-0.16075247628513875,-0.18230863747702292
9.590656284760845,0.15092598888162717,0.16313366462166956,-0.15908877609275732,-0.19005709634994664
9.610678531701891,0.14929175311845586,0.17251238791526682,-0.15740578350482917,-0.18811565318266732
9.630700778642936,0.14768053067892606,0.16303452009549552,-0.15570370261468844,-0.17577946553776366
9.650723025583982,0.14609280052649745,0.163030895466731,-0.15398273983047112,-0.172569615910202
9.670745272525028,0.14452903371611076,0.16451971721633862,-0.15224310385008535,-0.17189469949073335
9.690767519466073,0.142989693202309,0.15458916596042954,-0.15048500563590253,-0.17377971135191808
9.71078976640712,0.1414752336507638,0.15238869601391924,-0.1487086583891737,-0.17551672588977033
9.730812013348165,0.1399861012532873,0.14660773866058888,-0.14691427752417646,-0.16179434381414337
9.75083426028921,0.13852273354641176,0.13966019815757744,-0.14510208064209085,-0.15845516310210955
9.770856507230256,0.1370855592336129,0.14428779402915243,-0.1432722875046114,-0.15811772753502737
9.7908787541713,0.13567499801125932,0.1514797312126205,-0.14142512000729787,-0.16334858254315737
9.810901001112347,0.13429146039835865,0.14780006175989022,-0.13956080215266525,-0.16015446497290342
9.830923248053393,0.13293534757017833,0.1418057070518366,-0.13767956002302031,-0.16142110875194804
9.850945494994438,0.13160705119581198,0.13997627393522816,-0.13578162175304512,-0.15622892034048524
9.870967741935484,0.13030695327976136,0.13829796944472075,-0.1338672175021302,-0.15647932698138947
9.89098998887653,0.1290354260076053,0.14161510767108415,-0.13193657942646525,-0.15175804107650945
9.911012235817575,0.12779283159582028,0.14034637443086712,-0.1299899416508852,-0.14402578464154153
9.931034482758621,0.12657952214581883,0.1384267512848949,-0.1280275402404778,-0.1516307662980197
9.951056729699667,0.1253958395022705,0.13241701278738333,-0.12604961317195748,-0.15017526197470052
9.971078976640712,0.12424211511576522,0.13584189704842733,-0.12405640030480639,-0.14866496125339074
9.991101223581758,0.12311866990987935,0.1408907357817517,-0.1220481433521856,-0.14810206852313954
10.011123470522802,0.1220258141527035,0.13075679481343605,-0.12002508585162486,-0.14157243583639448
10.031145717463849,0.12096384733288526,0.1259994451278877,-0.1179874731354878,-0.1460467193773229
10.051167964404895,0.11993305804024418,0.12792740198483585,-0.115935552301222,-0.1518268653248216
10.07119021134594,0.11893372385100744,0.13844748194680423,-0.11386957218139343,-0.15200245741893423
10.091212458286986,0.11796611121771802,0.12685205160847426,-0.11178978331351103,-0.15118418843541503
10.111234705228032,0.11703047536386309,0.12431918215247974,-0.10969643790964452,-0.14895884385563896
10.131256952169077,0.11612706018326757,0.12372607226025173,-0.10758978982583937,-0.15068127712675003
10.151279199110123,0.1152560981442965,0.126342403412276,-0.10547009453133141,-0.1437967596766151
10.171301446051167,0.11441781019890876,0.13019754099883404,-0.10333760907756774,-0.1414430997954471
10.191323692992214,0.11361240569659975,0.13257885004825992,-0.1011925920670331,-0.14758099739718322
10.21134593993326,0.11284008230327221,0.12774350763480455,-0.09903530362189146,-0.13977541659867654
10.231368186874304,0.11210102592506892,0.12877800278139068,-0.09686600535244004,-0.13523947603097658
10.25139043381535,0.11139541063719971,0.12465369565621179,-0.09468496032538436,-0.1311206081299615
10.271412680756397,0.11072339861779573,0.12481650366508926,-0.09249243303193763,-0.11804174714247465
10.291434927697441,0.11008514008681683,0.13093508417061764,-0.09028868935574583,-0.11615919806134589
10.311457174638488,0.10948077325003952,0.12440722276825485,-0.08807399654064377,-0.11416875496169906
10.331479421579534,0.10891042424815006,0.12441288255624972,-0.08584862315824873,-0.10828795857448531
10.351501668520578,0.10837420711096338,0.12530299400068576,-0.08361283907538973,-0.10581002544855768
10.371523915461625,0.10787222371678763,0.12784231318133915,-0.08136691542138139,-0.11071532116910947
10.391546162402669,0.10740456375695268,0.12327881114810188,-0.07911112455514568,-0.09587122750243844
10.411568409343715,0.10697130470551532,0.12366395034666684,-0.0768457400321821,-0.09600931694675198
10.431590656284762,0.10657251179415686,0.13286507811911383,-0.0745710365713951,-0.09189360914857747
10.451612903225806,0.10620823799228088,0.1343796445451757,-0.07228729002177973,-0.09228866193207913
10.471635150166852,0.10587852399232077,0.12769479144242432,-0.0699947773289682,-0.09140970750076016
10.491657397107899,0.10558339820026252,0.12909315047673983,-0.06769377650164711,-0.08647307194489989
10.511679644048943,0.10532287673138668,0.12673321874731944,-0.06538456657784314,-0.08468969712368402
10.53170189098999,0.10509696341123016,0.12511962220374812,-0.06306742759108398,-0.08507554625375191
10.551724137931034,0.10490564978176734,0.11636741486610443,-0.060742640536440635,-0.08041222094335546
10.57174638487208,0.10474891511280715,0.1111716325627622,-0.05841048733644987,-0.08160383531307558
10.591768631813126,0.10462672641860041,0.12012829023003545,-0.05607125080692815,-0.07544736255939583
10.61179087875417,0.10453903847964985,0.11251360358111376,-0.05372521462267338,-0.08382810507963946
10.631813125695217,0.10448579386971193,0.10827590406461357,-0.05137266328306434,-0.07297061149775723
10.651835372636263,0.10446692298797906,0.11246391750968218,-0.049013882077561,-0.08270198734758527
10.671857619577308,0.10448234409642687,0.10203268834188556,-0.04664915705110742,-0.07506079558523503
10.691879866518354,0.10453196336230948,0.10839126219175738,-0.0442787749694428,-0.06439976368266051
10.7119021134594,0.10461567490578388,0.06580379173435744,-0.04190302328432793,-0.06077797034353283
10.731924360400445,0.10473336085264197,0.06522368453553405,-0.039522190098684684,-0.062476494684087856
10.751946607341491,0.10488489139212603,0.07179994215565173,-0.03713656413165853,-0.0652762710636019
10.771968854282536,0.10507012483980224,0.06669474664801,-0.034746434683607254,-0.05778520176168062
10.791991101223582,0.1052889077054637,0.07081152439159812,-0.032352091601016514,-0.06220102634635309
10.812013348164628,0.10554107476603283,0.05918645931954142,-0.029953825241351862,-0.057019793040649455
10.832035595105673,0.1058264491434304,0.059037885356557,-0.02755192643784784,-0.05092876080716604
10.852057842046719,0.10614484238737622,0.0602937511590834,-0.025146686464237417,-0.04780309288805567
10.872080088987765,0.10649605456308528,0.05773760607066371,-0.02273839699943175,-0.04157213184725161
10.89210233592881,0.10687987434381936,0.05816553463879688,-0.02032735009214803,-0.04136891690691441
10.912124582869856,0.10729607910825367,0.05997805061002953,-0.017913838125492694,-0.02734584850055762
10.9321468298109,0.1077444350426148,0.061632117749294967,-0.01549815378150588,-0.024881329416831317
10.952169076751947,0.10822469724754438,0.0676850347467239,-0.013080590005667619,-0.03246260804368244
10.972191323692993,0.10873660984964209,0.07103576286692476,-0.01066143997137309,-0.033323021697227125
10.992213570634037,0.10927990611763626,0.07271521910465165,-0.008240997044380248,-0.030428363967415432
11.012235817575084,0.10985430858313355,0.0780588630696609,-0.005819554747233109,-0.022700912474920554
11.03225806451613,0.11045952916589108,0.08663068281488437,-0.0033974067236680104,-0.017259533154260726
11.052280311457174,0.1110952693035576,0.07761267060011143,-0.0009748467030032062,-0.014855505210382237
11.07230255839822,0.11176122008582562,0.0708667305034899,0.0014478315354809423,-0.010884553626989644
11.092324805339265,0.11245706239293374,0.06437335990239279,0.0038703341981678237,-0.012997926054690486
11.112347052280311,0.11318246703846079,0.07159533465032833,0.006292367512733162,-0.020429207569159634
11.132369299221358,0.1139370949163449,0.07667625550992707,0.00871363776376905,-0.015174857455028843
11.152391546162402,0.11472059715206526,0.06825816438352737,0.01113385132840286,-0.01210537872251093
11.172413793103448,0.11553261525791905,0.07304261819275223,0.013552714711905108,-0.0073118583378055
11.192436040044495,0.11637278129232265,0.06680202259598521,0.015969934583279055,-0.007480283713878915
11.21245828698554,0.11724071802307068,0.07103939533095224,0.01838521781083416,-0.010845880278846629
11.232480533926585,0.1181360390944769,0.06887667396572139,0.020798271497733417,-0.0038894133220937557
11.252502780867632,0.11905834919832484,0.07553774079837074,0.02320880301751142,-0.0021546463326331602
11.272525027808676,0.120007244248553,0.08401432182736267,0.025616520049561196,-0.00019230876039151232
11.292547274749722,0.12098231155959614,0.08570520398888884,0.028021130614584184,-0.0020087282204155413
11.312569521690767,0.12198313002830469,0.08850272250310848,0.03042234310999584,0.008514486432553443
11.332591768631813,0.12300927031936164,0.08295093987217163,0.032819866345290466,0.009158434689227939
11.35261401557286,0.12406029505411544,0.09174245349108638,0.035213409577351217,0.01858660286975224
11.372636262513904,0.12513575900274412,0.10138164544893588,0.0376026825457087,0.021873699016432505
11.39265850945495,0.12623520927966858,0.10534941970504524,0.039987395507740935,0.023266263328597252
11.412680756395996,0.12735818554212539,0.10430740318007045,0.04236725927380891,0.018197599959773242
11.432703003337041,0.12850422019181332,0.10628720939281208,0.04474198524232587,0.017820093851268592
11.452725250278087,0.12967283857952586,0.10664822608699548,0.047111285434757254,0.02184280702164376
11.472747497219132,0.13086355921267553,0.09835738767860436,0.04947487253054112,0.019448966171191892
11.492769744160178,0.13207589396562328,0.1023130849654584,0.05183245990193276,0.018189825902599266
11.512791991101224,0.13330934829271548,0.10084730258729094,0.05418376164876216,0.026074489113250214
11.532814238042269,0.13456342144393837,0.09089027575737726,0.05652849263310508,0.019608393994154455
11.552836484983315,0.13583760668309355,0.08451975291774799,0.05886636851386207,0.03142839399354564
11.572858731924361,0.13713139150839582,0.08814544860668888,0.06119710578123795,0.03560392686079269
11.592880978865406,0.1384442578754011,0.0921459530006544,0.06352042179112433,0.04012429115974794
11.612903225806452,0.13977568242216162,0.09206220261089554,0.06583603479937501,0.03903411199813099
11.632925472747498,0.1411251366965114,0.09553476503801356,0.06814366399597181,0.03963042687029821
11.652947719688543,0.1424920873853816,0.08876467803007626,0.07044302953907819,0.0388381116795313
11.672969966629589,0.14387599654604422,0.09472564386370798,0.07273385258897608,0.045275786832133603
11.692992213570633,0.14527632183918257,0.08872078047775546,0.07501585534187813,0.04792325821595701
11.71301446051168,0.1466925167636857,0.09234864958951033,0.07728876106361907,0.05329890255808093
11.733036707452726,0.14812403089306356,0.10247056866155693,0.07955229412321262,0.054932002176185914
11.75305895439377,0.1495703101133782,0.09834890274518074,0.08180618002627764,0.059145086497726894
11.773081201334817,0.15103079686258777,0.11351984416722001,0.08405014544832591,0.06621748613846896
11.793103448275863,0.1525049303711956,0.11270828488142001,0.08628391826790689,0.061508361200321555
11.813125695216907,0.15399214690409976,0.11683463459391608,0.08850722759960718,0.06748407674906794
11.833147942157954,0.15549188000353806,0.11751632743804387,0.09071980382690183,0.07517372251794772
11.853170189098998,0.15700356073301722,0.12099141170253562,0.09292137863484837,0.07823213360871623
11.873192436040044,0.1585266179221248,0.12039909930128023,0.09511168504262632,0.0874170005142384
11.89321468298109,0.16006047841211055,0.12093961503597507,0.09729045743591234,0.09398310266623086
11.913236929922135,0.16160456730213227,0.11539281601279812,0.09945743159909141,0.09158226694838018
11.933259176863181,0.16315830819605873,0.11596152175370458,0.1016123447472976,0.09977797728904866
11.953281423804228,0.16472112344971634,0.11825043043518264,0.10375493555828152,0.09742295210259869
11.973303670745272,0.1662924344184772,0.1262513066992364,0.10588494420410018,0.09670165213597672
11.993325917686319,0.1678716617050746,0.1263270925360659,0.10800211238262644,0.09788484533427529
12.013348164627365,0.16945822540753916,0.12828750622262874,0.11010618334887216,0.10711910850217853
12.03337041156841,0.17105154536714667,0.1367295938707306,0.11219690194612285,0.10742522520138015
12.053392658509456,0.17265104141626833,0.13600459131334464,0.11427401463688158,0.12088298570709233
12.0734149054505,0.17425613362601364,0.14159473162065925,0.11633726953361327,0.121815417902316
12.093437152391546,0.17586624255355876,0.14863486509746182,0.1183864164292919,0.1289062041530904
12.113459399332593,0.17748078948904994,0.14626327185751942,0.12042120682774173,0.13078779222427475
12.133481646273637,0.17909919670197533,0.1558282805592859,0.12244139397377224,0.1312361537366414
12.153503893214683,0.18072088768689515,0.14703126491760377,0.1244467328831025,0.13469974919397534
12.17352614015573,0.1823452874084237,0.143803876320188,0.12643698037206813,0.13451999482736107
12.193548387096774,0.18397182254535407,0.14225034173480586,0.12841189508711345,0.1267696170887013
12.21357063403782,0.18559992173382162,0.14307554668218608,0.1303712375340595,0.13092828981694943
12.233592880978865,0.18722901580939386,0.14420781842553645,0.13231477010714632,0.12762074801361592
12.253615127919911,0.18885853804798736,0.14852574781690456,0.13424225711784804,0.1209678923384086
12.273637374860957,0.19048792440549966,0.14637993069866084,0.13615346482345375,0.12851602009212307
12.293659621802002,0.19211661375605527,0.1491706979316907,0.1380481614554124,0.1331340642211195
12.313681868743048,0.19374404812876006,0.15703213790672482,0.1399261172474408,0.13722745440703207
12.333704115684094,0.1953696729428583,0.1539439482009784,0.14178710446338513,0.13983413629307273
12.353726362625139,0.19699293724119235,0.15596712726552564,0.14363089742483873,0.14462357047304752
12.373748609566185,0.1986132939218614,0.14969835604998594,0.1454572725385102,0.14178349697921666
12.393770856507231,0.2002301999679753,0.15187093767531173,0.1472660083233374,0.1469422223831958
12.413793103448276,0.20184311667540789,0.16290736238028058,0.14905688543734577,0.1373272002581003
12.433815350389322,0.2034515098784448,0.16737169864417,0.15082968670424898,0.13548834977317428
12.453837597330367,0.20505485017323,0.1744913845410623,0.15258419713978388,0.13677658083398825
12.473859844271413,0.20665261313891295,0.18552047121887486,0.1543202039777824,0.14024440366059943
12.493882091212459,0.20824427955639774,0.1868766169060158,0.1560374966959724,0.13929104835091316
12.513904338153504,0.20982933562460102,0.18335996942706417,0.15773586704150788,0.14094691743003146
12.53392658509455,0.21140727317412175,0.19494049426691493,0.15941510905622322,0.14583358164943563
12.553948832035596,0.212977589878231,0.19791882056939267,0.16107501910160943,0.14699499700001684
12.57397107897664,0.21453978946108787,0.2057867283060576,0.16271539588350875,0.14400544762035328
12.593993325917687,0.21609338190309288,0.2059474230658153,0.16433604047652586,0.14634798116647868
12.614015572858731,0.2176378836432859,0.20475443753756134,0.16593675634815017,0.1404459508013846
12.634037819799778,0.2191728177787035,0.21408186214292282,0.16751734938259014,0.14169192427099678
12.654060066740824,0.22069771426060558,0.20294602937529752,0.16907762790431197,0.1436426113021822
12.674082313681868,0.22221211008748737,0.20183729290610497,0.17061740270128486,0.14913973726947927
12.694104560622915,0.22371554949479358,0.210353964408582,0.17213648704792628,0.14983478831044436
12.71412680756396,0.225207584141248,0.20695798435960222,0.17363469672774506,0.1410076647180628
12.734149054505005,0.22668777329172135,0.19978825092366553,0.1751118500556816,0.14034683782464033
12.754171301446052,0.2281556839965567,0.19981219205715095,0.17656776790014078,0.14608846251461624
12.774193548387096,0.229610891267271,0.2028854234165589,0.1780022737047136,0.14915748545703722
12.794215795328142,0.23105297824856239,0.20247430326717533,0.1794151935095896,0.15137127615630222
12.814238042269189,0.23248153638654123,0.20875991518215903,0.1808063559726512,0.14707087744228156
12.834260289210233,0.2338961655931176,0.21141598935375427,0.18217559239025274,0.15171923060166229
12.85428253615128,0.23529647440647122,0.20631012741555002,0.18352273671767885,0.15670641863035856
12.874304783092326,0.2366820801475327,0.2065204447087254,0.18484762558928017,0.15469285625269016
12.89432703003337,0.23805260907241083,0.2001678956462336,0.186150098338284,0.15274232656156364
12.914349276974416,0.23940769652069854,0.20737322540642777,0.18742999701627927,0.15330417645957184
12.934371523915463,0.24074698705959255,0.21111835386752276,0.18868716641236938,0.1570413559628413
12.954393770856507,0.24207013462376467,0.20707855898776104,0.18992145407199487,0.15153186804262148
12.974416017797553,0.2433768026509255,0.2196540652592739,0.19113271031542153,0.15545646417440132
12.994438264738598,0.24466666421301883,0.21136688772008605,0.19232078825589125,0.155740847304985
13.014460511679644,0.2459394021429939,0.2086371941269694,0.19348554381743524,0.15809359349379806
13.03448275862069,0.24719470915709643,0.21143859383552444,0.19462683575234513,0.15887073622428505
13.054505005561735,0.24843228797262926,0.2063858209113666,0.19574452565830258,0.15643998918632102
13.074527252502781,0.2496518514211306,0.20936584387385154,0.19683847799516282,0.16191279330611033
13.094549499443827,0.25085312255692005,0.2097270037977848,0.19790856010139105,0.1703108698491972
13.114571746384872,0.2520358347609665,0.21611016491228086,0.1989546422101503,0.17709297849674735
13.134593993325918,0.2531997318400354,0.212618347357862,0.1999765974650383,0.16329217718089192
13.154616240266963,0.2543445681210679,0.2211266647953026,0.20097430193547017,0.17151475514323497
13.174638487208009,0.25547010854075813,0.22616681884787343,0.20194763463170856,0.17293773499896398
13.194660734149055,0.25657612873028274,0.22562564491632264,0.2028964775195348,0.16927138299230227
13.2146829810901,0.2576624150951543,0.22800890868561882,0.20382071553456296,0.16163216141320516
13.234705228031146,0.258728764890159,0.22612441550757423,0.204720236596194,0.16298200218771652
13.254727474972192,0.2597749862893493,0.2149465956304524,0.20559493162120684,0.1629723694943514
13.274749721913237,0.26080089845106147,0.21670186762100047,0.20644469453698688,0.15599954673135985
13.294771968854283,0.2618063315779314,0.21655380125094717,0.2072694222943897,0.16490629633527218
13.31479421579533,0.26279112697188195,0.21345482969395707,0.20806901488023705,0.16929069603097568
13.334816462736374,0.26375513708406073,0.20528222204027158,0.2088433753294454,0.1711108030250112
13.35483870967742,0.2646982255597068,0.20263265896551585,0.20959240973678514,0.16749094987031563
13.374860956618464,0.2656202672779273,0.20798260284100278,0.21031602726826762,0.18166969861493593
13.39488320355951,0.26652114838637,0.21111176809361973,0.21101414017216083,0.17763234281246087
13.414905450500557,0.2674007663307746,0.21718875492601797,0.21168666378963089,0.18286032354147905
13.434927697441601,0.2682590298793945,0.21488261554831695,0.21233351656500818,0.18325235957657568
13.454949944382648,0.26909585914227796,0.21682655251153404,0.21295462005567792,0.18071522910449428
13.474972191323694,0.26991118558540184,0.21430945485311997,0.21354989894159226,0.18172790029486072
13.494994438264738,0.2707049520396525,0.21125237381722434,0.2141192810344045,0.17375880226359702
13.515016685205785,0.271477112704654,0.21389909138685026,0.2146626972862231,0.16435421198598638
13.53503893214683,0.2722276331474396,0.21494072850533796,0.21518008179798503,0.16539623856767638
13.555061179087875,0.2729564902959723,0.2084931766100112,0.21567137182744736,0.17738719441010672
13.575083426028922,0.2736636724275157,0.2107386176180618,0.21613650779679566,0.17900133311176616
13.595105672969966,0.27434917915186485,0.21265304183824424,0.216575433299869,0.1689531961560431
13.615127919911012,0.2750130213894433,0.2131699780070321,0.2169880951090003,0.13684565912536362
13.635150166852059,0.27565522134427967,0.2220706846686011,0.2173744431814709,0.140580219133018
13.655172413793103,0.27627581247187577,0.21998468305026664,0.21773443066557938,0.13868993463838367
13.67519466073415,0.27687483944198366,0.21714990344946955,0.21806801390632324,0.14139335252557628
13.695216907675196,0.2774523580963073,0.2179231713554532,0.21837515245069258,0.14875333783038283
13.71523915461624,0.27800843540115194,0.2188348534413519,0.2186558090525759,0.1514976294326736
13.735261401557286,0.2785431493950419,0.22352094200737804,0.21890994967727698,0.15526923591252928
13.755283648498331,0.2790565891313308,0.22282088375854503,0.219137543505642,0.1542523642696742
13.775305895439377,0.2795488546158348,0.22316285551107445,0.21933856293779705,0.15174998926046868
13.795328142380423,0.28002005673951313,0.23016569973594048,0.21951298359649507,0.15483393509949456
13.815350389321468,0.28047031720623133,0.23168335528423542,0.21966078433007208,0.15496600738787436
13.835372636262514,0.28089976845563874,0.23209482960122085,0.21978194721501212,0.15136442928941174
13.85539488320356,0.2813085535811964,0.22698713384885394,0.2198764575581209,0.1533345811831171
13.875417130144605,0.2816968262433935,0.2373354438201339,0.2199443038983075,0.1550402044220343
13.895439377085651,0.282064750578192,0.23383818677428048,0.2199854780079743,0.15698661997849753
13.915461624026696,0.28241250110074206,0.23642303112786658,0.2199999748940148,0.1602507077047548
13.935483870967742,0.28274026260441193,0.23354961961896717,0.21998779279841896,0.15788219578557877
13.955506117908788,0.28304823005517893,0.22911086868855285,0.21994893319848652,0.15813780725847038
13.975528364849833,0.28333660848143016,0.23077780038369514,0.21988340080664784,0.1552101813344709
13.995550611790879,0.2836056128592225,0.2372731768574854,0.21979120356989235,0.15153497060256668
14.015572858731925,0.2838554679930558,0.23070578634124853,0.21967235266880486,0.1570571646692196
14.03559510567297,0.2840864083922112,0.2385775947911376,0.21952686251620984,0.14940593850556094
14.055617352614016,0.2842986781427143,0.23550333601043438,0.21935475075542338,0.15206822644576062
14.07563959955506,0.28449253077497816,0.2337628616407926,0.21915603825811383,0.155069010090032
14.095661846496107,0.2846682291271888,0.23470486196009233,0.21893074912177057,0.14754919954201615
14.115684093437153,0.28482604520449395,0.2341179602996761,0.2186789106667819,0.1494558350964887
14.135706340378198,0.2849662600340593,0.2376193524406619,0.21840055343312187,0.14254994764313628
14.155728587319244,0.285089163516059,0.23267821027001195,0.21809571117664664,0.13689420131762609
14.17575083426029,0.2851950542706667,0.22326870411512068,0.21776442086500117,0.14102020071899618
14.195773081201335,0.2852842394811166,0.22918273489292643,0.21740672267313618,0.14986883556020042
14.21579532814238,0.28535703473290686,0.2641174952750139,0.2170226599784361,0.1481126051229514
14.235817575083427,0.28541376384921757,0.27290830479037437,0.2166122793554589,0.15153464075207024
14.255839822024472,0.28545475872261655,0.27550920555000447,0.21617563057028805,0.14488471740368644
14.275862068965518,0.2854803591431315,0.27456303221572237,0.21571276657449726,0.1399709520642738
14.295884315906562,0.2854909126227644,0.2773261704327882,0.2152237434987297,0.13549400700236885
14.315906562847609,0.2854867742165279,0.27616532728090665,0.21470862064589044,0.1391699263809224
14.335928809788655,0.28546830634008585,0.27985119700409117,0.21416746048395538,0.13586845624092628
14.3559510567297,0.285435878584078,0.28189701126341926,0.2136003286383959,0.14236598651359597
14.375973303670746,0.2853898675252148,0.2825755420773586,0.21300729388422007,0.14320595301570976
14.395995550611792,0.28533065653422746,0.2665951538390428,0.21238842813763317,0.13350051748942388
14.416017797552836,0.2852586355807579,0.26507562673675117,0.21174380644731594,0.1263952430146429
14.436040044493883,0.28517420103527935,0.27350159242431277,0.21107350698532368,0.12956743555918776
14.456062291434927,0.28507775546813513,0.27947942821441957,0.21037761103760697,0.12872544706191055
14.476084538375973,0.28496970744578726,0.28337370138341395,0.20965620299415347,0.13271517836321509
14.49610678531702,0.28485047132436614,0.2758010780245794,0.20890937033875495,0.12665805105987343
14.516129032258064,0.28472046704061393,0.2707890057769861,0.2081372036383975,0.12495275870943415
14.53615127919911,0.2845801199003182,0.2732597905611415,0.20733979653227907,0.12342458325651783
14.556173526140157,0.2844298603643278,0.26031382908120254,0.2065172457204543,0.12237912527852185
14.576195773081201,0.28427012383225003,0.26053601740143173,0.2056696509521072,0.1290971703727232
14.596218020022247,0.2841013504239252,0.2582857872869713,0.2047971150134551,0.12472699607145434
14.616240266963294,0.28392398475877756,0.2528084186006078,0.20389974371528435,0.12796537559956395
14.636262513904338,0.28373847573314237,0.24659487661673668,0.20297764588011807,0.13010691457214502
14.656284760845384,0.2835452762956674,0.24786907450269782,0.20203093332901986,0.13588278346315133
14.676307007786429,0.2833448432208927,0.24871439621896776,0.20105972086803384,0.13643240499157733
14.696329254727475,0.28313763688110904,0.2543325073808329,0.2000641262742614,0.13521067861875924
14.716351501668521,0.2829241210165974,0.253046682084018,0.1990442702815797,0.1320180174422744
14.736373748609566,0.28270476250435406,0.2553832483375437,0.19800027656599958,0.1369000265384574
14.756395995550612,0.28248003112540354,0.2506663048905043,0.19693227173066785,0.14129616573199105
14.776418242491658,0.28225039933080787,0.24874713027911474,0.1958403852905149,0.13501152021064466
14.796440489432703,0.28201634200647197,0.24638772141859167,0.19472474965654818,0.14131891778419986
14.816462736373749,0.28177833623685516,0.25065490926491707,0.19358550011979478,0.1372162490754369
14.836484983314794,0.2815368610676947,0.24967881220642282,0.19242277483489528,0.13869001564293432
14.85650723025584,0.2812923972678458,0.25091390854693585,0.1912367148033498,0.1444808234449481
14.876529477196886,0.28104542709034724,0.24237576869733019,0.19002746385641972,0.1386314843726335
14.89655172413793,0.28079643403281934,0.24138843707128815,0.1887951686376841,0.13690467392006586
14.916573971078977,0.28054590259730267,0.24619627963328117,0.1875399785852582,0.137107606912307
14.936596218020023,0.2802943180496449,0.2549313100128213,0.18626204591366968,0.13160599513511662
14.956618464961068,0.2800421661785428,0.25820124368456077,0.18496152559540155,0.13678399152389498
14.976640711902114,0.2797899330543515,0.26095998145997795,0.18363857534209746,0.12588771953600214
14.99666295884316,0.27953810478776486,0.2576708500216218,0.18229335558543694,0.13118127498669588
15.016685205784205,0.27928716728847947,0.2533218056423494,0.18092602945768074,0.1295078060525704
15.036707452725251,0.2790376060239475,0.2543320242110073,0.17953676277188677,0.12555720846899646
15.056729699666295,0.2787899057783294,0.25375890188758304,0.17812572400180368,0.11976010531303727
15.076751946607342,0.2785445504117537,0.2698262264616291,0.17669308426143918,0.1152346932937903
15.096774193548388,0.2783020226199924,0.2688032671397609,0.17523901728430974,0.11714384310322767
15.116796440489432,0.2780628036946599,0.26464746720138016,0.1737636994023732,0.1238302886295273
15.136818687430479,0.277827373284043,0.26520192240256246,0.17226730952464347,0.12526394111010541
15.156840934371525,0.2775962091546716,0.26647905060150046,0.17075002911549658,0.11816210796998958
15.17686318131257,0.2773697869537335,0.2675814662848849,0.1692120421726632,0.11570870834406469
15.196885428253616,0.277148579972444,0.27520620420072484,0.1676535352049162,0.10984051360445034
15.21690767519466,0.2769330589104746,0.2740497279484587,0.16607469720945384,0.10860955212001241
15.236929922135706,0.2767236916415477,0.2701428104043252,0.16447571964897909,0.12635549300011467
15.256952169076753,0.2765209429803017,0.26540457073067314,0.1628567964284818,0.11713885132009717
15.276974416017797,0.2763252744505326,0.2689026712968155,0.1612181238717253,0.10987606112920037
15.296996662958843,0.2761371440549162,0.2617832419962872,0.15955990069743647,0.10800022627971462
15.31701890989989,0.27595700604631324,0.2623226899381694,0.15788232799520976,0.10231668895863093
15.337041156840934,0.27578531070076306,0.2583596081214365,0.1561856092011196,0.09412839316972946
15.35706340378198,0.2756225040922635,0.2573876255804618,0.15446995007305073,0.09520808292881823
15.377085650723025,0.2754690278694452,0.25794469039429413,0.1527355586657473,0.09631099399920351
15.397107897664071,0.2753253190342328,0.25831109568972355,0.15098264530558062,0.09847475965950353
15.417130144605117,0.2751918097226,0.253329886968945,0.14921142256504516,0.09163434366518723
15.437152391546162,0.27506892698751184,0.2548494837496277,0.14742210523697868,0.09313601865672713
15.457174638487208,0.27495709258415585,0.2521593442470941,0.14561491030851537,0.0937338583835808
15.477196885428254,0.2748567227575558,0.25331301145254126,0.14379005693477312,0.09151590309984485
15.497219132369299,0.27476822803266576,0.25638226859235186,0.14194776641227533,0.09952220904280125
15.517241379310345,0.2746920130070385,0.25316452112362575,0.1400882621521154,0.09801513023747557
15.537263626251391,0.274628476146162,0.2527077555194858,0.13821176965286489,0.09102716126854635
15.557285873192436,0.2745780095815539,0.2464784955309415,0.136318516473227,0.09170581861499708
15.577308120133482,0.27454099891170997,0.2631635220022751,0.1344087322044405,0.08914660684089158
15.597330367074527,0.2745178230059912,0.2674855185733961,0.1324826484424382,0.08912440208783669
15.617352614015573,0.27450885381154155,0.25619598274083677,0.13054049875976165,0.09427597988784936
15.63737486095662,0.2745144561633215,0.2541141686293906,0.12858251867723672,0.09228661105504524
15.657397107897664,0.2745349875973435,0.25607728792810625,0.12660894563541197,0.07856407048309683
15.67741935483871,0.2745707981671957,0.25372456607137905,0.12462001896576422,0.07094111945181933
15.697441601779756,0.27462223026393306,0.2539129607837736,0.12261597986167558,0.06587145563070589
15.7174638487208,0.2746896184394213,0.25478424702685354,0.12059707134918564,0.05996127939486191
15.737486095661847,0.2747732892332095,0.2517908013048248,0.11856353825751803,0.054965144179114064
15.757508342602891,0.2748735610030142,0.24851190512308372,0.11651562718939155,0.055463119075539774
15.777530589543938,0.2749907437588876,0.25553805300136284,0.11445358649111599,0.050651708362204104
15.797552836484984,0.27512513900114677,0.24517763504898613,0.11237766622247343,0.04423598073114572
15.817575083426028,0.2752770395621375,0.23899658880404387,0.11028811812639656,0.04456633924107875
15.837597330367075,0.2754467294519045,0.23677026304914764,0.10818519559843798,0.0444173971872551
15.857619577308121,0.27563448370783644,0.23895860922902273,0.10606915365604236,0.039308599412045744
15.877641824249165,0.27584056824835584,0.23660651656128284,0.10394024890762207,0.037530556876830934
15.897664071190212,0.2760652397307195,0.23869049277957038,0.10179873952143631,0.028459174796866812
15.917686318131258,0.27630874541299383,0.23114200981621197,0.09964488519428623,0.02037123213368193
15.937708565072302,0.2765713230202682,0.2286651614778412,0.09747894712001966,0.021319846027059525
15.957730812013349,0.2768532006151669,0.2274333931672476,0.09530118795785762,0.017934829680337244
15.977753058954393,0.27715459647271845,0.23503448745629843,0.09311187180054323,0.020513810738226237
15.99777530589544,0.27747571895964085,0.24172514541531231,0.09091126414231315,0.031514365442803276
16.017797552836484,0.27781676641809544,0.24960586131167123,0.08869963184670444,0.02090548503448711
16.03781979977753,0.2781779270539636,0.24934761754260623,0.08647724311419014,0.013224113652936562
16.057842046718577,0.2785593788296983,0.2506294245290321,0.08424436744965597,0.013624233694994686
16.077864293659623,0.27896128936179776,0.2531805241246226,0.08200127562971925,0.016015501407788277
16.09788654060067,0.27938381582295,0.25401021339725716,0.07974823966988971,0.014635650874079031
16.11790878754171,0.27982710484889095,0.24325868404767145,0.07748553279158564,0.011532542114195257
16.137931034482758,0.28029129245002193,0.2409690117718315,0.07521342938899823,0.010490747548463894
16.157953281423804,0.280776503927825,0.2322720467440075,0.07293220499581743,0.009219294079867699
16.17797552836485,0.28128285379611406,0.23077833445552515,0.07064213625181959,0.005448997661266858
16.197997775305897,0.2818104457071622,0.23602206005954468,0.06834350086931736,0.00693205258289116
16.21802002224694,0.28235937238273434,0.24309764492431685,0.06603657759948528,-0.001760179966746378
16.238042269187986,0.28292971555006197,0.24441605058697286,0.06372164619855174,-0.005880944162993715
16.258064516129032,0.2835215458827857,0.25123336443084415,0.06139898739387835,-0.004467022740625409
16.27808676307008,0.2841349229468971,0.2534054557128586,0.05906888284991394,0.0010409563843507136
16.298109010011125,0.2847698951517027,0.26525470129908635,0.056731615134037024,-0.004206496769870428
16.31813125695217,0.2854264997058354,0.2672983826105673,0.05438746768229193,-0.01248914864935955
16.338153503893214,0.28610476257833134,0.2623042256174704,0.05203672476501445,-0.00905476976911114
16.35817575083426,0.2868046984647961,0.26835433286024146,0.049679671452359984,-0.019415792629521596
16.378197997775306,0.2875263107586703,0.25877900063382436,0.04731659357973487,-0.010189413835325213
16.398220244716352,0.28826959152761467,0.25839733999063585,0.04494777771313089,-0.01753116810566102
16.4182424916574,0.2890345214950232,0.25012325487630327,0.042573511114377086,-0.0184769495491557
16.43826473859844,0.28982107002667473,0.2500292656599415,0.04019408170630131,-0.017902617876782025
16.458286985539488,0.2906291951225323,0.24683742520276256,0.037809778037815975,-0.025977392208463637
16.478309232480534,0.29145884341369166,0.24714226775568227,0.03542088924892544,-0.03133126818577738
16.49833147942158,0.29230995016448547,0.24057378371780685,0.03302770503566374,-0.030161639757628922
16.518353726362626,0.29318243927974214,0.24847866352106857,0.030630515614962925,-0.03699167326377717
16.538375973303673,0.294076223317198,0.25764395608533464,0.028229611689457826,-0.053933757509162364
16.558398220244715,0.29499120350505764,0.25775467554377784,0.025825284412236173,-0.05977351265176762
16.57842046718576,0.29592726976469874,0.25700439750814896,0.023417825351526415,-0.05544894812090042
16.598442714126808,0.2968843007385092,0.2586490527511657,0.021007526455344778,-0.05045214303474299
16.618464961067854,0.29786216382284997,0.2675677103272165,0.018594680016088598,-0.05334527779300811
16.6384872080089,0.2988607152061265,0.26950796736888,0.01617957863508978,-0.051587080044425075
16.658509454949943,0.299879799911956,0.27666441561302363,0.013762515187134701,-0.04854096278364977
16.67853170189099,0.3009192518474127,0.2711527056062917,0.011343782784943168,-0.048748935402152575
16.698553948832036,0.3019788938563292,0.2753307660551574,0.008923674743628651,-0.056074228418452
16.718576195773082,0.3030585377776337,0.2653462773863837,0.006502484545123822,-0.05611786310493902
16.738598442714128,0.30415798450869924,0.26376251897890846,0.004080505802593689,-0.055079034681034617
16.758620689655174,0.3052770240736761,0.25676414502372824,0.0016580322248285033,-0.051971654429959394
16.778642936596217,0.3064154356967795,0.25953270889630103,-0.000764642419374531,-0.05496252934572555
16.798665183537263,0.30757298788050436,0.2643906623821976,-0.0031872243368348705,-0.06646471358522282
16.81868743047831,0.3087494384887277,0.2579945468556805,-0.00560941974561716,-0.06974986852225075
16.838709677419356,0.3099445348346701,0.264953870739197,-0.008030934910656441,-0.06866388150792163
16.858731924360402,0.3111580137736741,0.25994479026686745,-0.010451476179379629,-0.0711412252472985
16.878754171301445,0.3123896018007616,0.2544372349128719,-0.012870750017316987,-0.06900198878574107
16.89877641824249,0.31363901515292986,0.2634699020597983,-0.01528846304369733,-0.06924193377380651
16.918798665183537,0.3149059599161371,0.27039785260670424,-0.017704322067026535,-0.07901043398024786
16.938820912124584,0.31619013213693925,0.2705546321559864,-0.020118034120640747,-0.082513356239696
16.95884315906563,0.31749121793872287,0.2728295536882804,-0.022529306498236652,-0.08920654494899838
16.978865406006673,0.31880889364248816,0.2776126766846891,-0.024937846789364268,-0.08518246864482434
16.99888765294772,0.32014282589212995,0.278790449233951,-0.027343362914889764,-0.0876950634055271
17.018909899888765,0.3214926717841588,0.2825437006783596,-0.02974556316241414,-0.09720573110303227
17.03893214682981,0.3228580790018114,0.2861025671027591,-0.03214415622164753,-0.09334754840773068
17.058954393770858,0.32423868595348776,0.29156828308716864,-0.034538851219738494,-0.09399624507520687
17.078976640711904,0.3256341219154586,0.28617202581057666,-0.036929357756544975,-0.09091453674737215
17.098998887652947,0.32704400717877813,0.28719063821319174,-0.03931538593985131,-0.09267320708172024
17.119021134593993,0.32846795320034156,0.2949026730289631,-0.04169664642052563,-0.10696340520041156
17.13904338153504,0.3299055627580179,0.2908347585942887,-0.04407285042760368,-0.10569669257525133
17.159065628476085,0.3313564301097952,0.282090897954801,-0.046443709803312104,-0.10228671655347632
17.17908787541713,0.33282014115686526,0.28486988411936703,-0.04880893703800939,-0.10247119391627194
17.199110122358174,0.3342962736105782,0.28726258979055475,-0.05116824530505428,-0.10553372975413239
17.21913236929922,0.33578439716319664,0.28647174723526,-0.053521348495587553,-0.10680989819750922
17.239154616240267,0.3372840736623699,0.29339796193925777,-0.05586796125322674,-0.11498413513876168
17.259176863181313,0.3387948572892561,0.28540617101438825,-0.05820779900867346,-0.11824509647019825
17.27919911012236,0.3403162947402155,0.296444606870452,-0.06054057801421953,-0.12417456643267805
17.299221357063406,0.34184792541199205,0.3088656704800697,-0.06286601537815956,-0.12105377310289708
17.31924360400445,0.34338928159030424,0.3101327084878758,-0.06518382909909327,-0.11077031416073481
17.339265850945495,0.34493988864176517,0.3193893112621293,-0.06749373810012786,-0.11675843767282938
17.35928809788654,0.3464992652090429,0.31411961809578326,-0.06979546226295866,-0.1162251065709678
17.379310344827587,0.3480669234091821,0.3219504826262485,-0.07208872246184134,-0.12042611742977322
17.399332591768633,0.349642369034994,0.3342139229780253,-0.07437324059744155,-0.12612214175691214
17.419354838709676,0.35122510175943267,0.3413996961809307,-0.07664873963055663,-0.13050156400656587
17.439377085650722,0.3528146153428643,0.33175244061578296,-0.07891494361571602,-0.12384185255241963
17.45939933259177,0.35441039784313927,0.34293980668596913,-0.08117157773463989,-0.13489298971049282
17.479421579532815,0.3560119318283762,0.335608062960502,-0.08341836832956837,-0.14102841594820154
17.49944382647386,0.3576186945923661,0.3410289782391636,-0.08565504293644825,-0.14200577038009027
17.519466073414907,0.35923015837249883,0.3450811117955267,-0.0878813303179717,-0.13874217096643576
17.53948832035595,0.36084579057011873,0.34888837003568807,-0.09009696049647108,-0.14007633540834438
17.559510567296996,0.36246505397321505,0.34793307474250085,-0.0923016647866574,-0.1537306736707697
17.579532814238043,0.36408740698134323,0.3507644751958569,-0.09449517582820377,-0.15822150594244627
17.59955506117909,0.36571230383268566,0.3431764785084974,-0.09667722761816679,-0.15982278478917358
17.619577308120135,0.3673391948331489,0.3443228641858378,-0.09884755554324486,-0.1625042475831134
17.639599555061178,0.36896752658739584,0.3472832506456839,-0.10100589641186801,-0.16131243231003783
17.659621802002224,0.3705967422317162,0.3608955073470657,-0.10315198848611365,-0.16574415688054822
17.67964404894327,0.37222628166862487,0.3526927479869503,-0.10528557151344771,-0.16462761480309246
17.699666295884317,0.3738555818030969,0.3592675920103629,-0.10740638675828394,-0.15816866374307884
17.719688542825363,0.3754840767803248,0.35736280048388896,-0.10951417703336094,-0.16018940977299376
17.739710789766406,0.3771111982248985,0.3543634115287053,-0.11160868673093154,-0.16145004545833724
17.759733036707452,0.3787363754813063,0.3544811757806706,-0.11368966185375871,-0.15973400025133727
17.779755283648498,0.38035903585564246,0.35720676629194925,-0.1157568500459182,-0.15898269462607045
17.799777530589544,0.38197860485842494,0.362531501916571,-0.11781000062339969,-0.1592922410007686
17.81979977753059,0.38359450644840926,0.36711703908307447,-0.11984886460450932,-0.1629917260707163
17.839822024471637,0.3852061632772977,0.3690743313952866,-0.12187319474006073,-0.15853540899778878
17.85984427141268,0.38681299693523025,0.37205837716764173,-0.12388274554335932,-0.16180926700977297
17.879866518353726,0.38841442819695426,0.36984359712135373,-0.12587727331997414,-0.15914880118121844
17.899888765294772,0.390009877268562,0.37175143209067457,-0.12785653619728599,-0.17562497800720012
17.91991101223582,0.3915987640346892,0.37597872389319464,-0.1298202941538229,-0.17832226356710762
17.939933259176865,0.39318050830606516,0.3761424155324315,-0.13176830904836437,-0.18202251163513658
17.959955506117907,0.39475453006730465,0.37358020481670035,-0.133700344648821,-0.19275347810296525
17.979977753058954,0.3963202497248376,0.37773179573421545,-0.1356161666608841,-0.18587849669774492
18.0,0.39787708835485897,0.37777124676841795,-0.13751554275643407,-0.18403861802421562
