packet_index,send_time_ms,recv_time_ms,lost
0,0.0,5.6423980516998755,0.0
1,20.0,25.509648553950182,0.0
2,40.0,45.831866963980396,0.0
3,60.0,65.43368157238336,0.0
4,80.0,85.92649261878967,0.0
5,100.0,105.90358936097171,0.0
6,120.0,124.53057514025616,0.0
7,140.0,147.55360383813905,0.0
8,160.0,167.08015422511733,0.0
9,180.0,186.73153130586468,0.0
10,200.0,207.07502876265198,0.0
11,220.0,225.17109863184143,0.0
12,240.0,246.62973804125488,0.0
13,260.0,264.5028349510044,0.0
14,280.0,288.81188027474536,0.0
15,300.0,305.61544996118437,0.0
16,320.0,324.67611703777715,0.0
17,340.0,346.9755361772474,0.0
18,360.0,366.60527267019893,0.0
19,380.0,387.58393852465815,0.0
20,400.0,405.3641953758501,0.0
21,420.0,424.0012764445158,0.0
22,440.0,447.17151431124455,0.0
23,460.0,465.50482170575253,0.0
24,480.0,484.86157034594316,0.0
25,500.0,505.7460680513219,0.0
26,520.0,526.9176615132168,0.0
27,540.0,544.7036668235002,0.0
28,560.0,566.0144265024419,0.0
29,580.0,586.1180584919141,0.0
30,600.0,605.2783163177849,0.0
31,620.0,627.8791660211825,0.0
32,640.0,644.1850827441622,0.0
33,660.0,665.0555383307405,0.0
34,680.0,687.1133102523219,0.0
35,700.0,706.0055147116831,0.0
36,720.0,725.090907695177,0.0
37,740.0,747.3672670925853,0.0
38,760.0,765.5295823874557,0.0
39,780.0,787.0912657250083,0.0
40,800.0,805.4960038923707,0.0
41,820.0,824.8619855826175,0.0
42,840.0,846.2193474268934,0.0
43,860.0,867.3278966863335,0.0
44,880.0,884.6869627293179,0.0
45,900.0,905.6677699922366,0.0
46,920.0,926.5178381188067,0.0
47,940.0,945.1023205535372,0.0
48,960.0,965.9449855683362,0.0
49,980.0,986.7222168083962,0.0
50,1000.0,1004.7470074452257,0.0
51,1020.0,1024.9214714035033,0.0
52,1040.0,1044.6906543027972,0.0
53,1060.0,1067.4057258455225,0.0
54,1080.0,1087.2709442055661,0.0
55,1100.0,1105.7512257222077,0.0
56,1120.0,1124.1141269489672,0.0
57,1140.0,1147.1615836003334,0.0
58,1160.0,1165.1695107916653,0.0
59,1180.0,1186.2001490125747,0.0
60,1200.0,1205.9367242566411,0.0
61,1220.0,1226.5649931710275,0.0
62,1240.0,1247.3857464096643,0.0
63,1260.0,1266.8498139242236,0.0
64,1280.0,1287.914028827723,0.0
65,1300.0,1305.397736080567,0.0
66,1320.0,1325.1371913153378,0.0
67,1340.0,1345.9768744246312,0.0
68,1360.0,1366.0299235344664,0.0
69,1380.0,1387.4753507255723,0.0
70,1400.0,1406.486574030363,0.0
71,1420.0,1425.7813480570642,0.0
72,1440.0,1449.4218189211297,0.0
73,1460.0,1467.330267163241,0.0
74,1480.0,1484.8733087328555,0.0
75,1500.0,1507.494194203797,0.0
76,1520.0,1528.6265268481786,0.0
77,1540.0,1546.2528006052178,0.0
78,1560.0,nan,1.0
79,1580.0,1587.9321325847334,0.0
80,1600.0,1607.938913112355,0.0
81,1620.0,1625.0670822111476,0.0
82,1640.0,1645.667734506214,0.0
83,1660.0,1665.9208260332102,0.0
84,1680.0,1686.4836574471638,0.0
85,1700.0,1708.1766170597914,0.0
86,1720.0,1724.5566897450801,0.0
87,1740.0,1746.032560708852,0.0
88,1760.0,1766.0049263822,0.0
89,1780.0,1785.5887483828774,0.0
90,1800.0,1807.234627276553,0.0
91,1820.0,1825.4992465512098,0.0
92,1840.0,1845.7051778200037,0.0
93,1860.0,1867.497624982852,0.0
94,1880.0,1885.0952513346142,0.0
95,1900.0,1907.6352110167766,0.0
96,1920.0,1927.3651868871734,0.0
97,1940.0,1947.6514865728063,0.0
98,1960.0,1965.475720537778,0.0
99,1980.0,1988.5171126010066,0.0
100,2000.0,2007.7934947283188,0.0
101,2020.0,2027.54235035029,0.0
102,2040.0,2044.4129406969935,0.0
103,2060.0,2067.254733285578,0.0
104,2080.0,2085.501042035695,0.0
105,2100.0,2105.7839185544494,0.0
106,2120.0,2125.2197591647446,0.0
107,2140.0,2145.9852766786794,0.0
108,2160.0,2168.364199032047,0.0
109,2180.0,2187.7331507792574,0.0
110,2200.0,2207.0846998758093,0.0
111,2220.0,2226.6477684287256,0.0
112,2240.0,2245.7383296748067,0.0
113,2260.0,2265.47404548647,0.0
114,2280.0,nan,1.0
115,2300.0,2309.0787960326475,0.0
116,2320.0,2325.1964018077424,0.0
117,2340.0,2347.6005149009475,0.0
118,2360.0,2365.8764932283766,0.0
119,2380.0,2385.3769762470893,0.0
120,2400.0,2406.769126221428,0.0
121,2420.0,2427.986128060004,0.0
122,2440.0,2446.1706190152895,0.0
123,2460.0,2468.131575103286,0.0
124,2480.0,2487.3967026682985,0.0
125,2500.0,2505.1521361518444,0.0
126,2520.0,2527.8644269632896,0.0
127,2540.0,2544.6525452971546,0.0
128,2560.0,2566.5944195551024,0.0
129,2580.0,2585.902951430736,0.0
130,2600.0,2605.6869852718537,0.0
131,2620.0,2627.571085836245,0.0
132,2640.0,2647.5453807981135,0.0
133,2660.0,2666.3795258416194,0.0
134,2680.0,2685.510072106198,0.0
135,2700.0,2707.873092115055,0.0
136,2720.0,2723.355236746666,0.0
137,2740.0,2746.326627089452,0.0
138,2760.0,2766.6252265055837,0.0
139,2780.0,2784.888205957329,0.0
140,2800.0,2808.6277418724612,0.0
141,2820.0,2828.966979159345,0.0
142,2840.0,2843.8772315248666,0.0
143,2860.0,2866.1828762170276,0.0
144,2880.0,2885.7162016968673,0.0
145,2900.0,2905.7420007934247,0.0
146,2920.0,2926.4173256043946,0.0
147,2940.0,2945.7194757359775,0.0
148,2960.0,2965.868410496822,0.0
149,2980.0,2987.20125167295,0.0
150,3000.0,3006.5988918447442,0.0
151,3020.0,3026.293847811219,0.0
152,3040.0,3045.653319750439,0.0
153,3060.0,3066.85150305641,0.0
154,3080.0,3086.6013394829192,0.0
155,3100.0,3105.9595794964603,0.0
156,3120.0,3127.2234579403766,0.0
157,3140.0,3147.785957200859,0.0
158,3160.0,3167.5267285560185,0.0
159,3180.0,3185.7646404108555,0.0
160,3200.0,3206.3263919265974,0.0
161,3220.0,3226.832947147106,0.0
162,3240.0,3246.329925562207,0.0
163,3260.0,3267.882393399229,0.0
164,3280.0,3287.2273904210597,0.0
165,3300.0,3306.707445612266,0.0
166,3320.0,3327.2900350840914,0.0
167,3340.0,3346.6510572613847,0.0
168,3360.0,3365.6480034017786,0.0
169,3380.0,3386.650251539375,0.0
170,3400.0,3407.0944165676437,0.0
171,3420.0,3427.267493151156,0.0
172,3440.0,3448.3904171315544,0.0
173,3460.0,3468.0537789117516,0.0
174,3480.0,3486.276692302972,0.0
175,3500.0,3506.2391182103006,0.0
176,3520.0,3526.869324754019,0.0
177,3540.0,3547.5922138237,0.0
178,3560.0,3566.897854288485,0.0
179,3580.0,3586.390038641982,0.0
180,3600.0,3605.508163891535,0.0
181,3620.0,3626.5871927328562,0.0
182,3640.0,3645.6796037058725,0.0
183,3660.0,3666.627028475484,0.0
184,3680.0,3686.061431347881,0.0
185,3700.0,3706.490296797461,0.0
186,3720.0,3726.381989887186,0.0
187,3740.0,3746.232215064536,0.0
188,3760.0,3767.9767523186724,0.0
189,3780.0,3788.269634074978,0.0
190,3800.0,3803.83531656729,0.0
191,3820.0,3825.5720215854503,0.0
192,3840.0,3846.3050630953076,0.0
193,3860.0,3867.1067903718767,0.0
194,3880.0,3885.762642520073,0.0
195,3900.0,3906.8454683661776,0.0
196,3920.0,3927.425134922087,0.0
197,3940.0,3948.032179825765,0.0
198,3960.0,3965.6723407987647,0.0
199,3980.0,3985.832998096464,0.0
200,4000.0,4006.3654885461497,0.0
201,4020.0,4028.4013112611174,0.0
202,4040.0,4047.1158168456936,0.0
203,4060.0,4065.373856892371,0.0
204,4080.0,4088.063023442982,0.0
205,4100.0,4104.093538923572,0.0
206,4120.0,4127.76099229496,0.0
207,4140.0,4148.978245411531,0.0
208,4160.0,4164.379963902135,0.0
209,4180.0,4186.476455420012,0.0
210,4200.0,4207.477301197475,0.0
211,4220.0,4225.371475325107,0.0
212,4240.0,4245.269059033114,0.0
213,4260.0,4267.660626766901,0.0
214,4280.0,4287.31524728114,0.0
215,4300.0,4305.709625520659,0.0
216,4320.0,4325.39881369861,0.0
217,4340.0,4345.429023824661,0.0
218,4360.0,4365.560158513847,0.0
219,4380.0,4385.041368378541,0.0
220,4400.0,4405.071836350644,0.0
221,4420.0,4429.548422037967,0.0
222,4440.0,4446.266494267582,0.0
223,4460.0,4467.213310184528,0.0
224,4480.0,4485.3652465850355,0.0
225,4500.0,4508.832455517961,0.0
226,4520.0,4526.739851115146,0.0
227,4540.0,4547.6940138715045,0.0
228,4560.0,4566.020996140353,0.0
229,4580.0,4587.4500403696065,0.0
230,4600.0,4605.272024842163,0.0
231,4620.0,4628.452447044542,0.0
232,4640.0,4645.421567106044,0.0
233,4660.0,4665.557960064281,0.0
234,4680.0,4687.587391891118,0.0
235,4700.0,4703.6255138886945,0.0
236,4720.0,4727.316223315683,0.0
237,4740.0,4746.960315414225,0.0
238,4760.0,4763.907130223793,0.0
239,4780.0,4785.825192983613,0.0
240,4800.0,4806.765902247951,0.0
241,4820.0,4824.776793874937,0.0
242,4840.0,4847.341209725107,0.0
243,4860.0,4865.767523354155,0.0
244,4880.0,4887.4808475871305,0.0
245,4900.0,4905.79603586493,0.0
246,4920.0,4926.263379382312,0.0
247,4940.0,4947.008515776932,0.0
248,4960.0,4964.618326171354,0.0
249,4980.0,4987.851080283182,0.0
250,5000.0,5005.944140453845,0.0
251,5020.0,5025.084531342666,0.0
252,5040.0,5047.253274867182,0.0
253,5060.0,5065.151524877391,0.0
254,5080.0,5086.390115551517,0.0
255,5100.0,5103.671789558064,0.0
256,5120.0,5126.802232472768,0.0
257,5140.0,5145.7437648980995,0.0
258,5160.0,5167.322162304226,0.0
259,5180.0,5185.328528885402,0.0
260,5200.0,5206.694255997241,0.0
261,5220.0,5226.205559629619,0.0
262,5240.0,5246.221485294589,0.0
263,5260.0,5266.377508213454,0.0
264,5280.0,5286.966781073196,0.0
265,5300.0,5304.698086432549,0.0
266,5320.0,5327.189063419311,0.0
267,5340.0,5347.326989779045,0.0
268,5360.0,5366.795272451843,0.0
269,5380.0,5388.551886360852,0.0
270,5400.0,5405.9574436714565,0.0
271,5420.0,5426.813547446112,0.0
272,5440.0,5445.5016810854,0.0
273,5460.0,5468.093549783074,0.0
274,5480.0,5486.749631077976,0.0
275,5500.0,5507.070737420008,0.0
276,5520.0,5524.550241229215,0.0
277,5540.0,5545.349688666416,0.0
278,5560.0,5565.844159257526,0.0
279,5580.0,5587.146626247899,0.0
280,5600.0,5605.988828354662,0.0
281,5620.0,5627.039056430621,0.0
282,5640.0,5645.394194930629,0.0
283,5660.0,5663.369121343527,0.0
284,5680.0,5687.197686424359,0.0
285,5700.0,5704.781978474294,0.0
286,5720.0,5726.476887581659,0.0
287,5740.0,5747.2264853043125,0.0
288,5760.0,5765.665827447217,0.0
289,5780.0,5783.943910424463,0.0
290,5800.0,5806.278818885262,0.0
291,5820.0,5826.036429724583,0.0
292,5840.0,5846.598346045279,0.0
293,5860.0,5866.367608180629,0.0
294,5880.0,5884.7549449843955,0.0
295,5900.0,5904.687886177448,0.0
296,5920.0,5925.5987484259795,0.0
297,5940.0,5944.489322604067,0.0
298,5960.0,5966.238656360033,0.0
299,5980.0,5985.626239956637,0.0
300,6000.0,6005.7545482863015,0.0
301,6020.0,6026.269599115331,0.0
302,6040.0,6046.428759866826,0.0
303,6060.0,6067.451840949717,0.0
304,6080.0,6086.7155114237385,0.0
305,6100.0,6107.398433631775,0.0
306,6120.0,6125.486333166537,0.0
307,6140.0,6145.237665927048,0.0
308,6160.0,6166.098699722409,0.0
309,6180.0,6186.164807947679,0.0
310,6200.0,6206.609427540008,0.0
311,6220.0,6226.81002626661,0.0
312,6240.0,6244.495311022656,0.0
313,6260.0,6263.418322866662,0.0
314,6280.0,6285.965675647499,0.0
315,6300.0,6305.012981313754,0.0
316,6320.0,6327.1064208410035,0.0
317,6340.0,6344.966226469661,0.0
318,6360.0,6362.3253345388575,0.0
319,6380.0,6387.559328700262,0.0
320,6400.0,6403.295688458891,0.0
321,6420.0,6424.77528172944,0.0
322,6440.0,6445.396636589496,0.0
323,6460.0,6468.349910763811,0.0
324,6480.0,6484.35912478222,0.0
325,6500.0,6505.578045438905,0.0
326,6520.0,6523.809560778665,0.0
327,6540.0,6544.023503163671,0.0
328,6560.0,6566.011247932471,0.0
329,6580.0,6586.243945647567,0.0
330,6600.0,6605.437135018366,0.0
331,6620.0,6624.532867323394,0.0
332,6640.0,6644.111398429895,0.0
333,6660.0,6665.530614443492,0.0
334,6680.0,6683.953144361968,0.0
335,6700.0,6703.443678400778,0.0
336,6720.0,6726.354051896289,0.0
337,6740.0,6747.9830596919255,0.0
338,6760.0,6766.199171141436,0.0
339,6780.0,6788.136215115391,0.0
340,6800.0,6803.328381572278,0.0
341,6820.0,6826.580687667606,0.0
342,6840.0,6843.73029316089,0.0
343,6860.0,6865.679925721546,0.0
344,6880.0,6885.9408048611895,0.0
345,6900.0,6905.064393184525,0.0
346,6920.0,6924.708391236179,0.0
347,6940.0,6945.448028917391,0.0
348,6960.0,6964.255242494676,0.0
349,6980.0,6985.42724305948,0.0
350,7000.0,7006.732899422489,0.0
351,7020.0,7023.913586388707,0.0
352,7040.0,7047.055833025506,0.0
353,7060.0,7063.552637326703,0.0
354,7080.0,7086.494816744374,0.0
355,7100.0,7104.899907594836,0.0
356,7120.0,7126.3857862727755,0.0
357,7140.0,7144.8561341695395,0.0
358,7160.0,7165.238924764327,0.0
359,7180.0,7185.69779284729,0.0
360,7200.0,7204.170622935479,0.0
361,7220.0,7226.348158868866,0.0
362,7240.0,7245.405894398456,0.0
363,7260.0,7265.487638539003,0.0
364,7280.0,7285.073255392874,0.0
365,7300.0,7304.822895373037,0.0
366,7320.0,7324.913122894411,0.0
367,7340.0,7345.189677381923,0.0
368,7360.0,7364.97193389778,0.0
369,7380.0,7385.685688659008,0.0
370,7400.0,7405.067514327881,0.0
371,7420.0,7425.198790272826,0.0
372,7440.0,7446.21249783376,0.0
373,7460.0,7465.277096373057,0.0
374,7480.0,7483.967699576206,0.0
375,7500.0,7502.435198095586,0.0
376,7520.0,7528.8028379262405,0.0
377,7540.0,7545.664535147989,0.0
378,7560.0,7565.567873119823,0.0
379,7580.0,7585.7086593887,0.0
380,7600.0,7604.504479256384,0.0
381,7620.0,7624.917726022423,0.0
382,7640.0,7646.975980397324,0.0
383,7660.0,7662.998994283712,0.0
384,7680.0,7685.239398457641,0.0
385,7700.0,7707.109557172813,0.0
386,7720.0,7723.578436152266,0.0
387,7740.0,7742.314228840945,0.0
388,7760.0,7765.751480833807,0.0
389,7780.0,7782.0,0.0
390,7800.0,7805.233602139335,0.0
391,7820.0,7825.290723055318,0.0
392,7840.0,7843.749303941957,0.0
393,7860.0,7865.4129467198145,0.0
394,7880.0,7885.533080555469,0.0
395,7900.0,7905.394769093379,0.0
396,7920.0,7926.342643860173,0.0
397,7940.0,7945.912219634451,0.0
398,7960.0,7964.332084343459,0.0
399,7980.0,7986.375755220916,0.0
400,8000.0,8007.141450208472,0.0
401,8020.0,8024.413516203117,0.0
402,8040.0,8045.284407578835,0.0
403,8060.0,8064.197569040357,0.0
404,8080.0,8085.936532400384,0.0
405,8100.0,8103.820863058527,0.0
406,8120.0,8126.608321896108,0.0
407,8140.0,8144.683771890267,0.0
408,8160.0,8164.170062976924,0.0
409,8180.0,8187.075137735369,0.0
410,8200.0,8207.04790477958,0.0
411,8220.0,8226.470458440815,0.0
412,8240.0,8243.72732704808,0.0
413,8260.0,8264.113353688394,0.0
414,8280.0,8284.934695241831,0.0
415,8300.0,8304.724059361053,0.0
416,8320.0,8325.458881491477,0.0
417,8340.0,8344.953587394704,0.0
418,8360.0,8364.840352138877,0.0
419,8380.0,8386.14064800238,0.0
420,8400.0,8404.553182999369,0.0
421,8420.0,8423.175238385718,0.0
422,8440.0,8445.595949632048,0.0
423,8460.0,8464.783152310883,0.0
424,8480.0,8486.539362276559,0.0
425,8500.0,8503.875265810118,0.0
426,8520.0,8524.897857667698,0.0
427,8540.0,8544.140906783288,0.0
428,8560.0,8564.714486862495,0.0
429,8580.0,8583.131647545137,0.0
430,8600.0,8603.522078987588,0.0
431,8620.0,8622.828709127487,0.0
432,8640.0,8648.266903959096,0.0
433,8660.0,8667.440803421367,0.0
434,8680.0,8684.045865553118,0.0
435,8700.0,8702.743251990743,0.0
436,8720.0,8726.340417338071,0.0
437,8740.0,8744.71287870082,0.0
438,8760.0,8764.84662842387,0.0
439,8780.0,8782.546359657661,0.0
440,8800.0,8804.715237155937,0.0
441,8820.0,8826.884745883219,0.0
442,8840.0,8844.74564741149,0.0
443,8860.0,8864.51709870844,0.0
444,8880.0,8883.73896592367,0.0
445,8900.0,8906.268758020113,0.0
446,8920.0,8924.559261491224,0.0
447,8940.0,8945.444111322799,0.0
448,8960.0,8965.138797748765,0.0
449,8980.0,8983.030918009716,0.0
450,9000.0,9005.879219053095,0.0
451,9020.0,9023.708918354274,0.0
452,9040.0,9047.863344165018,0.0
453,9060.0,9066.486593131016,0.0
454,9080.0,9085.680726435137,0.0
455,9100.0,9105.925862015454,0.0
456,9120.0,9126.180038669347,0.0
457,9140.0,9144.433082904412,0.0
458,9160.0,9163.937257662268,0.0
459,9180.0,9184.396423304861,0.0
460,9200.0,9203.874934306505,0.0
461,9220.0,9226.0200994894,0.0
462,9240.0,9244.70333437208,0.0
463,9260.0,9264.837188790503,0.0
464,9280.0,9285.858786873816,0.0
465,9300.0,9304.383650970629,0.0
466,9320.0,9325.613064379037,0.0
467,9340.0,9343.11159090885,0.0
468,9360.0,9366.496924492893,0.0
469,9380.0,9385.047004209311,0.0
470,9400.0,9403.95759843253,0.0
471,9420.0,9423.252584784595,0.0
472,9440.0,9445.718808075242,0.0
473,9460.0,9465.5605729038,0.0
474,9480.0,9484.674784972725,0.0
475,9500.0,9505.220885245513,0.0
476,9520.0,9524.28295585307,0.0
477,9540.0,9544.178569922266,0.0
478,9560.0,9563.730723506025,0.0
479,9580.0,9584.515604139659,0.0
480,9600.0,9605.43831935657,0.0
481,9620.0,9624.989391935687,0.0
482,9640.0,9645.714946272317,0.0
483,9660.0,9663.589682127864,0.0
484,9680.0,9683.11084454564,0.0
485,9700.0,9704.283090238561,0.0
486,9720.0,9726.006734318966,0.0
487,9740.0,9743.63154103904,0.0
488,9760.0,9764.956039715586,0.0
489,9780.0,9785.06265106048,0.0
490,9800.0,9804.796072024781,0.0
491,9820.0,9823.620906422238,0.0
492,9840.0,9845.722162182754,0.0
493,9860.0,9865.176309587847,0.0
494,9880.0,9885.788783634429,0.0
495,9900.0,9905.376599000356,0.0
496,9920.0,9924.831247436894,0.0
497,9940.0,9943.436533962804,0.0
498,9960.0,9965.198769937573,0.0
499,9980.0,9983.121744232132,0.0
500,10000.0,10007.596972105708,0.0
501,10020.0,10026.637838472723,0.0
502,10040.0,10046.54999507999,0.0
503,10060.0,10064.088234965951,0.0
504,10080.0,10086.07404639913,0.0
505,10100.0,10105.307097770128,0.0
506,10120.0,10125.80920788458,0.0
507,10140.0,10145.301577948478,0.0
508,10160.0,10165.203910365428,0.0
509,10180.0,10182.785952205024,0.0
510,10200.0,10205.829702168667,0.0
511,10220.0,10222.710999137069,0.0
512,10240.0,10247.112642636264,0.0
513,10260.0,10265.063674096835,0.0
514,10280.0,10283.536499824299,0.0
515,10300.0,10305.573315157475,0.0
516,10320.0,10325.185791200613,0.0
517,10340.0,10343.116127088435,0.0
518,10360.0,10363.867674060228,0.0
519,10380.0,10384.378135016776,0.0
520,10400.0,10406.864955235937,0.0
521,10420.0,10426.77994916703,0.0
522,10440.0,10444.590460055386,0.0
523,10460.0,10464.503258684905,0.0
524,10480.0,10486.395929035038,0.0
525,10500.0,10503.183389038935,0.0
526,10520.0,10525.12153180293,0.0
527,10540.0,10543.50592316903,0.0
528,10560.0,10567.702303842094,0.0
529,10580.0,10585.270637567033,0.0
530,10600.0,10605.029518466006,0.0
531,10620.0,10625.779504763863,0.0
532,10640.0,10645.304939439962,0.0
533,10660.0,10666.30989940037,0.0
534,10680.0,10683.8153809256,0.0
535,10700.0,10705.893097229151,0.0
536,10720.0,10722.0,0.0
537,10740.0,10746.012577735875,0.0
538,10760.0,10763.279224093474,0.0
539,10780.0,10786.406479786268,0.0
540,10800.0,10803.379029175921,0.0
541,10820.0,10825.111453572252,0.0
542,10840.0,10844.744967946475,0.0
543,10860.0,10865.488438641121,0.0
544,10880.0,10882.28440621662,0.0
545,10900.0,10906.61250884977,0.0
546,10920.0,nan,1.0
547,10940.0,10946.618680075971,0.0
548,10960.0,10966.572377053517,0.0
549,10980.0,10987.903398339238,0.0
550,11000.0,11005.085484714771,0.0
551,11020.0,11026.773471857186,0.0
552,11040.0,11043.373335380325,0.0
553,11060.0,11066.752741637743,0.0
554,11080.0,11084.889975303337,0.0
555,11100.0,11104.569511668611,0.0
556,11120.0,11125.446778051048,0.0
557,11140.0,11143.746588285267,0.0
558,11160.0,11167.943155004954,0.0
559,11180.0,11186.735158483474,0.0
560,11200.0,11203.195026544427,0.0
561,11220.0,11224.818263822337,0.0
562,11240.0,11246.375605107743,0.0
563,11260.0,11266.341873121128,0.0
564,11280.0,11285.238806255102,0.0
565,11300.0,11306.43889522394,0.0
566,11320.0,11327.507951303967,0.0
567,11340.0,11346.883221081183,0.0
568,11360.0,11365.051310484403,0.0
569,11380.0,11387.626564132857,0.0
570,11400.0,11404.054849407483,0.0
571,11420.0,11425.21891873915,0.0
572,11440.0,11444.104284312905,0.0
573,11460.0,11466.698838175102,0.0
574,11480.0,11484.934800211957,0.0
575,11500.0,11507.057987487595,0.0
576,11520.0,11524.482529904702,0.0
577,11540.0,11546.81905029873,0.0
578,11560.0,11566.019057311285,0.0
579,11580.0,11587.805559779064,0.0
580,11600.0,11604.841091101498,0.0
581,11620.0,11623.650508941326,0.0
582,11640.0,11646.722920903896,0.0
583,11660.0,11664.920249842842,0.0
584,11680.0,11686.103018686517,0.0
585,11700.0,11704.950103918849,0.0
586,11720.0,11727.576897778896,0.0
587,11740.0,11745.642633381864,0.0
588,11760.0,11765.004848879484,0.0
589,11780.0,11785.48608688974,0.0
590,11800.0,11807.54512126863,0.0
591,11820.0,11826.072368336027,0.0
592,11840.0,11845.604173853826,0.0
593,11860.0,11864.91343239328,0.0
594,11880.0,11884.03029212684,0.0
595,11900.0,11906.156252005447,0.0
596,11920.0,11924.970359007437,0.0
597,11940.0,11947.006534398735,0.0
598,11960.0,11965.748528235363,0.0
599,11980.0,11985.656648530598,0.0
600,12000.0,12004.4135028748,0.0
601,12020.0,nan,1.0
602,12040.0,12047.108690691459,0.0
603,12060.0,12066.698123954873,0.0
604,12080.0,12086.12541052115,0.0
605,12100.0,12106.277036329664,0.0
606,12120.0,12125.048398494944,0.0
607,12140.0,12145.6051369066,0.0
608,12160.0,nan,1.0
609,12180.0,12186.224027273964,0.0
610,12200.0,12204.409574174175,0.0
611,12220.0,12227.322467993929,0.0
612,12240.0,12242.734104317009,0.0
613,12260.0,12267.68074520824,0.0
614,12280.0,12286.206241029035,0.0
615,12300.0,12307.658399201226,0.0
616,12320.0,12328.162425011224,0.0
617,12340.0,12345.794073234489,0.0
618,12360.0,12367.155706857426,0.0
619,12380.0,12385.645779983104,0.0
620,12400.0,12406.83246323762,0.0
621,12420.0,12425.75529420995,0.0
622,12440.0,12442.938788309415,0.0
623,12460.0,12464.547881333245,0.0
624,12480.0,12484.821228324821,0.0
625,12500.0,12504.756656916376,0.0
626,12520.0,12525.902569065194,0.0
627,12540.0,12545.304727938084,0.0
628,12560.0,12563.96031547457,0.0
629,12580.0,12587.294173989689,0.0
630,12600.0,12605.788730337968,0.0
631,12620.0,12625.549308661828,0.0
632,12640.0,12645.052081491873,0.0
633,12660.0,12667.042292792217,0.0
634,12680.0,12687.485925529969,0.0
635,12700.0,12707.061850185322,0.0
636,12720.0,12726.477995580548,0.0
637,12740.0,12746.753161063454,0.0
638,12760.0,12764.351767247406,0.0
639,12780.0,12786.644707751655,0.0
640,12800.0,12806.686127025043,0.0
641,12820.0,12827.0833217302,0.0
642,12840.0,12846.36259900981,0.0
643,12860.0,12865.407095181476,0.0
644,12880.0,12887.036454042523,0.0
645,12900.0,12907.695621628098,0.0
646,12920.0,12925.233336611818,0.0
647,12940.0,12949.142137004786,0.0
648,12960.0,12966.34837159438,0.0
649,12980.0,12982.918547673611,0.0
650,13000.0,13006.8066100397,0.0
651,13020.0,13027.073826524364,0.0
652,13040.0,13049.031027773692,0.0
653,13060.0,13065.531424795101,0.0
654,13080.0,13086.256550486683,0.0
655,13100.0,13107.70896687814,0.0
656,13120.0,13127.055916380308,0.0
657,13140.0,13147.178180159954,0.0
658,13160.0,13163.188193612583,0.0
659,13180.0,13187.5509767799,0.0
660,13200.0,13203.864256986892,0.0
661,13220.0,13227.095749525452,0.0
662,13240.0,13247.847279433021,0.0
663,13260.0,13266.01219456281,0.0
664,13280.0,13286.530659510096,0.0
665,13300.0,13307.29268135171,0.0
666,13320.0,13326.292419778976,0.0
667,13340.0,nan,1.0
668,13360.0,13366.416296823718,0.0
669,13380.0,13386.96887435628,0.0
670,13400.0,13406.282907993116,0.0
671,13420.0,13427.580945796572,0.0
672,13440.0,13446.769881939606,0.0
673,13460.0,13468.074799502412,0.0
674,13480.0,13486.124042919531,0.0
675,13500.0,13508.646218576449,0.0
676,13520.0,13524.921008639438,0.0
677,13540.0,13547.888839305282,0.0
678,13560.0,13567.568762619128,0.0
679,13580.0,13584.844613705143,0.0
680,13600.0,13605.43337739867,0.0
681,13620.0,13626.43855823723,0.0
682,13640.0,13646.216278355245,0.0
683,13660.0,13665.333755606489,0.0
684,13680.0,13688.07034230193,0.0
685,13700.0,13707.651659178171,0.0
686,13720.0,13726.312226780215,0.0
687,13740.0,13745.01734862839,0.0
688,13760.0,13767.132032707383,0.0
689,13780.0,13786.32534555497,0.0
690,13800.0,13809.095728175907,0.0
691,13820.0,13824.558007270763,0.0
692,13840.0,13844.897252155337,0.0
693,13860.0,13866.538441697294,0.0
694,13880.0,13887.992023080662,0.0
695,13900.0,13906.09692382891,0.0
696,13920.0,13927.03829306652,0.0
697,13940.0,13945.824560500758,0.0
698,13960.0,13965.6613255029,0.0
699,13980.0,13988.582508093636,0.0
700,14000.0,14006.84983797589,0.0
701,14020.0,14027.04347680305,0.0
702,14040.0,14046.711439721827,0.0
703,14060.0,14066.528448482693,0.0
704,14080.0,14085.194188146128,0.0
705,14100.0,14107.186985087648,0.0
706,14120.0,14128.644463556611,0.0
707,14140.0,14146.109272725094,0.0
708,14160.0,14166.375118227357,0.0
709,14180.0,14188.133762350042,0.0
710,14200.0,14205.707074404334,0.0
711,14220.0,14226.982680867952,0.0
712,14240.0,14245.602439057087,0.0
713,14260.0,14266.337884281285,0.0
714,14280.0,14284.948993748618,0.0
715,14300.0,14302.542549438705,0.0
716,14320.0,14328.857367405988,0.0
717,14340.0,14346.431856327672,0.0
718,14360.0,14367.85122130221,0.0
719,14380.0,14387.621877143694,0.0
720,14400.0,14405.776498714633,0.0
721,14420.0,14427.704884875204,0.0
722,14440.0,14446.63659326234,0.0
723,14460.0,14465.304657849423,0.0
724,14480.0,14486.540782629876,0.0
725,14500.0,14507.286035600355,0.0
726,14520.0,14526.685292516158,0.0
727,14540.0,14548.206768413884,0.0
728,14560.0,14565.854201528622,0.0
729,14580.0,14586.064624423967,0.0
730,14600.0,14607.195138214005,0.0
731,14620.0,14626.722111675554,0.0
732,14640.0,14646.05206105378,0.0
733,14660.0,14668.167497717095,0.0
734,14680.0,14686.738660928038,0.0
735,14700.0,14706.772419925339,0.0
736,14720.0,14725.310164224713,0.0
737,14740.0,14746.321980002806,0.0
738,14760.0,14765.92288099358,0.0
739,14780.0,14789.248173367003,0.0
740,14800.0,14806.79761929703,0.0
741,14820.0,14826.436921698963,0.0
742,14840.0,14846.627316101753,0.0
743,14860.0,14866.4305397152,0.0
744,14880.0,14886.599948775554,0.0
745,14900.0,14907.226743180652,0.0
746,14920.0,14928.324516503872,0.0
747,14940.0,14947.85513558709,0.0
748,14960.0,14969.413838733322,0.0
749,14980.0,14986.396579824403,0.0
750,15000.0,15006.59626856939,0.0
751,15020.0,15027.654786526962,0.0
752,15040.0,15047.473232344051,0.0
753,15060.0,15068.950698664748,0.0
754,15080.0,15084.454666468304,0.0
755,15100.0,15106.467868585712,0.0
756,15120.0,15128.003704958765,0.0
757,15140.0,15146.092570148021,0.0
758,15160.0,15166.436034945644,0.0
759,15180.0,15187.757917633287,0.0
760,15200.0,15206.523903449053,0.0
761,15220.0,15225.694424519854,0.0
762,15240.0,15247.812597635886,0.0
763,15260.0,15265.646759507194,0.0
764,15280.0,15286.442472788884,0.0
765,15300.0,15306.42881121214,0.0
766,15320.0,15327.720812524776,0.0
767,15340.0,15344.806004495967,0.0
768,15360.0,15364.83797144702,0.0
769,15380.0,15385.790092225889,0.0
770,15400.0,15408.619437674932,0.0
771,15420.0,15427.116636031871,0.0
772,15440.0,15446.765218844026,0.0
773,15460.0,15468.779029270576,0.0
774,15480.0,15487.003018605854,0.0
775,15500.0,15506.224134108232,0.0
776,15520.0,15527.085792971753,0.0
777,15540.0,15544.225632605194,0.0
778,15560.0,15567.399763377949,0.0
779,15580.0,15584.985052788265,0.0
780,15600.0,15607.748798614934,0.0
781,15620.0,15624.053793476442,0.0
782,15640.0,15646.7857890212,0.0
783,15660.0,15666.267437328856,0.0
784,15680.0,15688.700762650846,0.0
785,15700.0,15709.52598621114,0.0
786,15720.0,15726.027565122096,0.0
787,15740.0,15744.739045831799,0.0
788,15760.0,15766.490044306933,0.0
789,15780.0,15786.129983444462,0.0
790,15800.0,15807.30693079056,0.0
791,15820.0,15826.827551705706,0.0
792,15840.0,15846.15460992851,0.0
793,15860.0,15866.703620419783,0.0
794,15880.0,15884.460547490156,0.0
795,15900.0,15905.950009454065,0.0
796,15920.0,15925.485483667375,0.0
797,15940.0,nan,1.0
798,15960.0,15968.45789632977,0.0
799,15980.0,15986.298208052933,0.0
800,16000.0,16008.908100380242,0.0
801,16020.0,16027.809665102573,0.0
802,16040.0,16047.883514696,0.0
803,16060.0,16065.366590176398,0.0
804,16080.0,16085.33859662942,0.0
805,16100.0,16106.977744366697,0.0
806,16120.0,16125.832125750092,0.0
807,16140.0,16146.165173757627,0.0
808,16160.0,16167.739640860873,0.0
809,16180.0,16187.662563784754,0.0
810,16200.0,16205.675842931363,0.0
811,16220.0,16225.84444729204,0.0
812,16240.0,16248.03530269458,0.0
813,16260.0,16266.912756015363,0.0
814,16280.0,16286.442399987909,0.0
815,16300.0,16306.961404275107,0.0
816,16320.0,16326.91171447712,0.0
817,16340.0,16346.641148075158,0.0
818,16360.0,16365.580541479392,0.0
819,16380.0,16385.22893648674,0.0
820,16400.0,16408.4786768755,0.0
821,16420.0,16425.706455494234,0.0
822,16440.0,16447.068507251322,0.0
823,16460.0,nan,1.0
824,16480.0,16486.857827238357,0.0
825,16500.0,16507.970043367757,0.0
826,16520.0,16526.38417397051,0.0
827,16540.0,16545.569800890633,0.0
828,16560.0,16564.446322798423,0.0
829,16580.0,16585.601715310004,0.0
830,16600.0,16606.71197421207,0.0
831,16620.0,16625.24038753553,0.0
832,16640.0,16645.19339629304,0.0
833,16660.0,16665.58493008262,0.0
834,16680.0,16684.294798300616,0.0
835,16700.0,16704.592032752324,0.0
836,16720.0,16728.364536973128,0.0
837,16740.0,16745.48431800734,0.0
838,16760.0,16766.669659049378,0.0
839,16780.0,16783.895763742756,0.0
840,16800.0,16807.45604181537,0.0
841,16820.0,16827.824158154395,0.0
842,16840.0,16845.717743753732,0.0
843,16860.0,16865.84855253182,0.0
844,16880.0,16886.690126429112,0.0
845,16900.0,16904.286393923405,0.0
846,16920.0,16926.673147482095,0.0
847,16940.0,16948.51159797748,0.0
848,16960.0,16967.62803482477,0.0
849,16980.0,16987.96213321248,0.0
850,17000.0,17004.120900790098,0.0
851,17020.0,17024.695900246188,0.0
852,17040.0,17046.61909110693,0.0
853,17060.0,17067.03749846676,0.0
854,17080.0,17084.286510940936,0.0
855,17100.0,17107.837426712616,0.0
856,17120.0,17126.589215320004,0.0
857,17140.0,17144.679236217147,0.0
858,17160.0,17165.150479932807,0.0
859,17180.0,17187.691232645495,0.0
860,17200.0,17208.546093356774,0.0
861,17220.0,17225.31246179108,0.0
862,17240.0,17247.164986620686,0.0
863,17260.0,17267.581581345927,0.0
864,17280.0,17285.604389142478,0.0
865,17300.0,17305.927382769274,0.0
866,17320.0,17328.056049339462,0.0
867,17340.0,17345.617684409448,0.0
868,17360.0,17365.871681486467,0.0
869,17380.0,17387.809365538025,0.0
870,17400.0,17405.53927936166,0.0
871,17420.0,17425.77534459727,0.0
872,17440.0,17444.82574179523,0.0
873,17460.0,17465.756551350736,0.0
874,17480.0,17485.654342042493,0.0
875,17500.0,17507.641373051953,0.0
876,17520.0,17527.48759721821,0.0
877,17540.0,17546.258086640624,0.0
878,17560.0,17565.256744818482,0.0
879,17580.0,17585.04507703272,0.0
880,17600.0,17606.15366714247,0.0
881,17620.0,17627.45839428973,0.0
882,17640.0,17646.010089762713,0.0
883,17660.0,17666.801013651,0.0
884,17680.0,17688.616754845258,0.0
885,17700.0,17706.638450718066,0.0
886,17720.0,17725.758730212157,0.0
887,17740.0,17745.216597119965,0.0
888,17760.0,nan,1.0
889,17780.0,17785.679527477732,0.0
890,17800.0,17805.060924113714,0.0
891,17820.0,17826.812186425144,0.0
892,17840.0,17845.383197511466,0.0
893,17860.0,17865.72727382981,0.0
894,17880.0,17884.988016088162,0.0
895,17900.0,17904.971473426896,0.0
896,17920.0,17924.7038390338,0.0
897,17940.0,17946.47430124086,0.0
898,17960.0,17966.27258725731,0.0
899,17980.0,17984.841815663367,0.0
900,18000.0,18006.809725404062,0.0
901,18020.0,18024.968894132187,0.0
902,18040.0,18047.108890693755,0.0
903,18060.0,18067.150846277742,0.0
904,18080.0,18085.048595446922,0.0
905,18100.0,18106.15641907437,0.0
906,18120.0,18125.532639224562,0.0
907,18140.0,18145.798414089502,0.0
908,18160.0,18165.75239166045,0.0
909,18180.0,18186.138867744135,0.0
910,18200.0,18205.984721545654,0.0
911,18220.0,18225.860437390154,0.0
912,18240.0,18247.16412814241,0.0
913,18260.0,18266.2022083513,0.0
914,18280.0,18285.42484287084,0.0
915,18300.0,18303.799222291153,0.0
916,18320.0,18323.92351119895,0.0
917,18340.0,18346.010368113715,0.0
918,18360.0,18365.05393585623,0.0
919,18380.0,18386.942418113023,0.0
920,18400.0,18405.68076521816,0.0
921,18420.0,18431.481529344914,0.0
922,18440.0,18450.123224622428,0.0
923,18460.0,18474.24639398096,0.0
924,18480.0,18489.24793766451,0.0
925,18500.0,18512.331776122657,0.0
926,18520.0,18530.691633968607,0.0
927,18540.0,18551.47488465045,0.0
928,18560.0,18570.173857764144,0.0
929,18580.0,18592.96000650977,0.0
930,18600.0,18614.137907191718,0.0
931,18620.0,18633.08262681733,0.0
932,18640.0,18651.066575420577,0.0
933,18660.0,18672.31209843709,0.0
934,18680.0,18691.638562731132,0.0
935,18700.0,18711.746214563784,0.0
936,18720.0,18731.2585276767,0.0
937,18740.0,18748.668954295055,0.0
938,18760.0,18773.038652731837,0.0
939,18780.0,18790.87244736674,0.0
940,18800.0,18810.15134280417,0.0
941,18820.0,18831.512606842283,0.0
942,18840.0,18850.08146910574,0.0
943,18860.0,18871.186128290155,0.0
944,18880.0,18891.321622060994,0.0
945,18900.0,18909.25467530386,0.0
946,18920.0,18932.913884156325,0.0
947,18940.0,18953.01630499497,0.0
948,18960.0,18969.972504374433,0.0
949,18980.0,18994.983501514787,0.0
950,19000.0,19015.439658483065,0.0
951,19020.0,19031.186704692103,0.0
952,19040.0,19050.874572853332,0.0
953,19060.0,19073.35600484912,0.0
954,19080.0,19091.81998961897,0.0
955,19100.0,19111.387067601976,0.0
956,19120.0,19134.65566572606,0.0
957,19140.0,19148.956114301818,0.0
958,19160.0,19174.057812750714,0.0
959,19180.0,19187.62123422869,0.0
960,19200.0,19209.779808646617,0.0
961,19220.0,19231.03328721084,0.0
962,19240.0,19252.582739039182,0.0
963,19260.0,nan,1.0
964,19280.0,19293.45684763202,0.0
965,19300.0,19310.84915517703,0.0
966,19320.0,19329.181791331943,0.0
967,19340.0,nan,1.0
968,19360.0,19369.37023238761,0.0
969,19380.0,19391.534816644427,0.0
970,19400.0,nan,1.0
971,19420.0,19426.25089034652,0.0
972,19440.0,19447.53629026242,0.0
973,19460.0,19465.6589619877,0.0
974,19480.0,19485.6811267317,0.0
975,19500.0,19506.08940043628,0.0
976,19520.0,19524.004653318803,0.0
977,19540.0,19544.92844403237,0.0
978,19560.0,19566.29449686362,0.0
979,19580.0,19585.27165004202,0.0
980,19600.0,19603.582821791493,0.0
981,19620.0,19625.936317570464,0.0
982,19640.0,19643.02271358721,0.0
983,19660.0,19664.640425952122,0.0
984,19680.0,19684.927340685725,0.0
985,19700.0,19706.4322374826,0.0
986,19720.0,19725.35495696785,0.0
987,19740.0,19746.10330880222,0.0
988,19760.0,19764.6590713034,0.0
989,19780.0,19784.73730324137,0.0
990,19800.0,19805.129193222638,0.0
991,19820.0,19826.084029489346,0.0
992,19840.0,19846.861204214423,0.0
993,19860.0,19864.318343072657,0.0
994,19880.0,19886.654174583353,0.0
995,19900.0,19906.524523770408,0.0
996,19920.0,19925.75373664111,0.0
997,19940.0,19947.357771826682,0.0
998,19960.0,19968.709842735974,0.0
999,19980.0,19986.955116423655,0.0
1000,20000.0,20004.554303695662,0.0
1001,20020.0,20024.034139985404,0.0
1002,20040.0,20044.7441766207,0.0
1003,20060.0,20067.54053027792,0.0
1004,20080.0,20084.64789348452,0.0
1005,20100.0,20103.961727154714,0.0
1006,20120.0,20124.624322184296,0.0
1007,20140.0,20142.756931617063,0.0
1008,20160.0,20164.343707135013,0.0
1009,20180.0,20184.932547406203,0.0
1010,20200.0,20202.88657945781,0.0
1011,20220.0,20222.13558407616,0.0
1012,20240.0,20245.96422937389,0.0
1013,20260.0,20266.353942201953,0.0
1014,20280.0,20286.257854164673,0.0
1015,20300.0,20304.606887377246,0.0
1016,20320.0,20323.580698575486,0.0
1017,20340.0,20343.64196988832,0.0
1018,20360.0,20366.529573019518,0.0
1019,20380.0,20385.73491208703,0.0
1020,20400.0,20405.916288007043,0.0
1021,20420.0,20424.59529682697,0.0
1022,20440.0,20444.758447960845,0.0
1023,20460.0,20464.005459302884,0.0
1024,20480.0,20486.86598096578,0.0
1025,20500.0,20503.420836070694,0.0
1026,20520.0,20524.884681203715,0.0
1027,20540.0,20542.855381581587,0.0
1028,20560.0,20565.602063480226,0.0
1029,20580.0,20584.538054568166,0.0
1030,20600.0,20606.485655592427,0.0
1031,20620.0,20625.229916807013,0.0
1032,20640.0,20646.191269209714,0.0
1033,20660.0,20664.541702355484,0.0
1034,20680.0,20685.305407341533,0.0
1035,20700.0,20705.42725224404,0.0
1036,20720.0,20724.9255692003,0.0
1037,20740.0,20743.822932770512,0.0
1038,20760.0,20764.294028986922,0.0
1039,20780.0,20784.305392915583,0.0
1040,20800.0,20807.449051770716,0.0
1041,20820.0,20823.40073428373,0.0
1042,20840.0,20842.793534629243,0.0
1043,20860.0,20865.798543023036,0.0
1044,20880.0,20885.404397938168,0.0
1045,20900.0,20905.933362278032,0.0
1046,20920.0,20925.109872382007,0.0
1047,20940.0,20946.727601825412,0.0
1048,20960.0,20966.08549936243,0.0
1049,20980.0,20985.856994740505,0.0
1050,21000.0,21005.12766753629,0.0
1051,21020.0,21024.309359885312,0.0
1052,21040.0,21044.146278070508,0.0
1053,21060.0,21066.21883028232,0.0
1054,21080.0,21083.326087803787,0.0
1055,21100.0,21103.64141562144,0.0
1056,21120.0,21123.05758054361,0.0
1057,21140.0,21145.44742685446,0.0
1058,21160.0,21162.7804315066,0.0
1059,21180.0,21183.598651536347,0.0
1060,21200.0,21205.80842324418,0.0
1061,21220.0,21226.81260527647,0.0
1062,21240.0,21244.143522987368,0.0
1063,21260.0,21266.056918356753,0.0
1064,21280.0,21284.711001201453,0.0
1065,21300.0,21303.61784020014,0.0
1066,21320.0,21325.56874850137,0.0
1067,21340.0,21343.964352529063,0.0
1068,21360.0,21363.325918081973,0.0
1069,21380.0,nan,1.0
1070,21400.0,21406.488543350577,0.0
1071,21420.0,21426.37168436006,0.0
1072,21440.0,21444.09854834991,0.0
1073,21460.0,21462.87114875558,0.0
1074,21480.0,21484.9580381019,0.0
1075,21500.0,21505.729318121463,0.0
1076,21520.0,21525.650663013825,0.0
1077,21540.0,21544.02903191648,0.0
1078,21560.0,21564.251134446982,0.0
1079,21580.0,21585.065605338474,0.0
1080,21600.0,21604.52380642136,0.0
1081,21620.0,21626.26930479991,0.0
1082,21640.0,21644.824168310523,0.0
1083,21660.0,21666.280852313525,0.0
1084,21680.0,21682.0,0.0
1085,21700.0,21705.492307370125,0.0
1086,21720.0,21728.210913106526,0.0
1087,21740.0,21744.539547365846,0.0
1088,21760.0,21764.838775138494,0.0
1089,21780.0,21783.751655146894,0.0
1090,21800.0,21803.585057788285,0.0
1091,21820.0,21824.980682685247,0.0
1092,21840.0,21844.427360648984,0.0
1093,21860.0,21865.53284972217,0.0
1094,21880.0,21885.496382236557,0.0
1095,21900.0,21904.64310713309,0.0
1096,21920.0,21926.009170873123,0.0
1097,21940.0,21944.634329970962,0.0
1098,21960.0,21966.576252265862,0.0
1099,21980.0,21983.59650661771,0.0
1100,22000.0,22005.77552755018,0.0
1101,22020.0,22024.819546200357,0.0
1102,22040.0,22042.0,0.0
1103,22060.0,22065.02818888857,0.0
1104,22080.0,22085.09451733865,0.0
1105,22100.0,22104.49755798233,0.0
1106,22120.0,22125.33340027263,0.0
1107,22140.0,22143.153761266043,0.0
1108,22160.0,22163.24118139451,0.0
1109,22180.0,22186.057553422266,0.0
1110,22200.0,22203.358527399276,0.0
1111,22220.0,22226.178099152618,0.0
1112,22240.0,22245.68714304664,0.0
1113,22260.0,22265.4074845681,0.0
1114,22280.0,22285.468933186952,0.0
1115,22300.0,22304.649303204424,0.0
1116,22320.0,22324.721577705128,0.0
1117,22340.0,22345.087077737844,0.0
1118,22360.0,22365.796347823576,0.0
1119,22380.0,22385.379771353255,0.0
1120,22400.0,22404.04784957804,0.0
1121,22420.0,22425.66783879131,0.0
1122,22440.0,22446.382560027167,0.0
1123,22460.0,22465.48522250887,0.0
1124,22480.0,22486.192961479926,0.0
1125,22500.0,22503.04005942781,0.0
1126,22520.0,22523.515785117284,0.0
1127,22540.0,22547.43426643281,0.0
1128,22560.0,22565.234148658037,0.0
1129,22580.0,22583.94939942165,0.0
1130,22600.0,22605.235540275888,0.0
1131,22620.0,22628.934171605415,0.0
1132,22640.0,22646.240243974116,0.0
1133,22660.0,22663.507003750867,0.0
1134,22680.0,22684.84104280721,0.0
1135,22700.0,22707.231696095878,0.0
1136,22720.0,22725.579304857867,0.0
1137,22740.0,22748.192270178468,0.0
1138,22760.0,22763.65704146367,0.0
1139,22780.0,22784.677082838865,0.0
1140,22800.0,22806.562352926292,0.0
1141,22820.0,22824.349619988676,0.0
1142,22840.0,22844.829732178496,0.0
1143,22860.0,22866.39008622279,0.0
1144,22880.0,22885.879169769298,0.0
1145,22900.0,22906.774301161222,0.0
1146,22920.0,22924.180644235268,0.0
1147,22940.0,22944.927333790958,0.0
1148,22960.0,22967.045282455827,0.0
1149,22980.0,22986.312027735898,0.0
1150,23000.0,23006.671363970963,0.0
1151,23020.0,23026.433612087163,0.0
1152,23040.0,23045.905190037585,0.0
1153,23060.0,23063.874771908093,0.0
1154,23080.0,23085.22469111952,0.0
1155,23100.0,23106.738398125322,0.0
1156,23120.0,23125.41599767227,0.0
1157,23140.0,23144.713253533097,0.0
1158,23160.0,23167.20703978642,0.0
1159,23180.0,23184.332187678192,0.0
1160,23200.0,23204.666696832704,0.0
1161,23220.0,23225.186744472212,0.0
1162,23240.0,23244.742066859057,0.0
1163,23260.0,23264.556311461773,0.0
1164,23280.0,23285.3408892878,0.0
1165,23300.0,23304.55805420675,0.0
1166,23320.0,23326.118709618797,0.0
1167,23340.0,23347.259168962817,0.0
1168,23360.0,23366.179285474896,0.0
1169,23380.0,23386.296439704405,0.0
1170,23400.0,23404.431785878944,0.0
1171,23420.0,23424.24301281756,0.0
1172,23440.0,23447.360419710003,0.0
1173,23460.0,23462.72704405931,0.0
1174,23480.0,23485.866504395428,0.0
1175,23500.0,23504.600478072934,0.0
1176,23520.0,23525.142812879603,0.0
1177,23540.0,23544.57723816148,0.0
1178,23560.0,23564.908742161417,0.0
1179,23580.0,23584.7900528106,0.0
1180,23600.0,23606.98627876377,0.0
1181,23620.0,23627.230750341725,0.0
1182,23640.0,23645.88665176212,0.0
1183,23660.0,23665.311099752606,0.0
1184,23680.0,nan,1.0
1185,23700.0,23707.521219521932,0.0
1186,23720.0,23724.587253554077,0.0
1187,23740.0,23745.745772975395,0.0
1188,23760.0,23765.096259490554,0.0
1189,23780.0,23782.933426956304,0.0
1190,23800.0,23805.540750117896,0.0
1191,23820.0,23825.589878359664,0.0
1192,23840.0,23844.45516276488,0.0
1193,23860.0,23865.91192864996,0.0
1194,23880.0,23885.51901325653,0.0
1195,23900.0,23904.125803920153,0.0
1196,23920.0,23927.277724046962,0.0
1197,23940.0,23945.655502425245,0.0
1198,23960.0,23963.810584751518,0.0
1199,23980.0,23988.182376822206,0.0
1200,24000.0,24004.74156330564,0.0
1201,24020.0,24024.60453454801,0.0
1202,24040.0,24044.87968886537,0.0
1203,24060.0,24066.409378278528,0.0
1204,24080.0,24085.597999906167,0.0
1205,24100.0,24106.223772875048,0.0
1206,24120.0,24126.28313178808,0.0
1207,24140.0,24147.04919070896,0.0
1208,24160.0,24165.915190625226,0.0
1209,24180.0,24185.798549821648,0.0
1210,24200.0,24208.341734475754,0.0
1211,24220.0,24225.574526063552,0.0
1212,24240.0,24246.828069429695,0.0
1213,24260.0,24266.761230932683,0.0
1214,24280.0,24286.489406022145,0.0
1215,24300.0,24305.74895328235,0.0
1216,24320.0,24326.27331022515,0.0
1217,24340.0,24344.244186870113,0.0
1218,24360.0,24366.45411766614,0.0
1219,24380.0,24385.36537353336,0.0
1220,24400.0,24408.309947391084,0.0
1221,24420.0,24426.63294604235,0.0
1222,24440.0,24446.75257775515,0.0
1223,24460.0,24464.440753915842,0.0
1224,24480.0,24489.023692499875,0.0
1225,24500.0,24504.719974124506,0.0
1226,24520.0,24526.639521102275,0.0
1227,24540.0,24546.06911662409,0.0
1228,24560.0,24568.592725570157,0.0
1229,24580.0,24584.938166316315,0.0
1230,24600.0,24605.44687804053,0.0
1231,24620.0,24626.168708645284,0.0
1232,24640.0,24644.997230551817,0.0
1233,24660.0,24664.93029025079,0.0
1234,24680.0,24684.24231401229,0.0
1235,24700.0,24707.434056217102,0.0
1236,24720.0,24726.380753512054,0.0
1237,24740.0,24744.503124555566,0.0
1238,24760.0,24766.025251921816,0.0
1239,24780.0,24787.159382591337,0.0
1240,24800.0,24806.855536801137,0.0
1241,24820.0,24824.03339085893,0.0
1242,24840.0,24844.989114563265,0.0
1243,24860.0,24866.79402474191,0.0
1244,24880.0,24886.92028409347,0.0
1245,24900.0,24907.952533064297,0.0
1246,24920.0,24925.79334350001,0.0
1247,24940.0,24945.503115874293,0.0
1248,24960.0,24965.90721340656,0.0
1249,24980.0,24985.7191891684,0.0
1250,25000.0,25004.272525783235,0.0
1251,25020.0,25026.373419858406,0.0
1252,25040.0,25045.75078666324,0.0
1253,25060.0,25066.70675589678,0.0
1254,25080.0,25085.472616355473,0.0
1255,25100.0,25106.579987514928,0.0
1256,25120.0,25127.11326972289,0.0
1257,25140.0,25146.52458557113,0.0
1258,25160.0,25167.96081265629,0.0
1259,25180.0,25185.490954996705,0.0
1260,25200.0,25203.70500839375,0.0
1261,25220.0,25226.41007582457,0.0
1262,25240.0,25248.473685982088,0.0
1263,25260.0,25266.96507800812,0.0
1264,25280.0,25286.429731284665,0.0
1265,25300.0,25308.7033609689,0.0
1266,25320.0,25325.37359223412,0.0
1267,25340.0,25347.609349515857,0.0
1268,25360.0,25367.71725386257,0.0
1269,25380.0,25387.257654886558,0.0
1270,25400.0,25406.737512025233,0.0
1271,25420.0,25428.761320413636,0.0
1272,25440.0,25445.80081855017,0.0
1273,25460.0,25470.178652660677,0.0
1274,25480.0,25486.62469532601,0.0
1275,25500.0,25506.352722980144,0.0
1276,25520.0,25526.59452220668,0.0
1277,25540.0,25545.3090142989,0.0
1278,25560.0,25565.22216640876,0.0
1279,25580.0,25587.921151353115,0.0
1280,25600.0,25607.627287517662,0.0
1281,25620.0,25626.13472947539,0.0
1282,25640.0,25647.92538894013,0.0
1283,25660.0,25666.586945172658,0.0
1284,25680.0,25687.931547721746,0.0
1285,25700.0,25705.471809089824,0.0
1286,25720.0,25725.941644182185,0.0
1287,25740.0,25749.27841992153,0.0
1288,25760.0,25765.815954854326,0.0
1289,25780.0,25785.39812397951,0.0
1290,25800.0,25805.90171315757,0.0
1291,25820.0,25827.099506947678,0.0
1292,25840.0,25845.121241068264,0.0
1293,25860.0,25866.8107408343,0.0
1294,25880.0,25888.23630029543,0.0
1295,25900.0,25906.59908262514,0.0
1296,25920.0,25924.508948530412,0.0
1297,25940.0,25944.632410204384,0.0
1298,25960.0,25968.14636756366,0.0
1299,25980.0,25986.174764063133,0.0
1300,26000.0,26005.958747171288,0.0
1301,26020.0,26027.723445212294,0.0
1302,26040.0,26044.754577463944,0.0
1303,26060.0,26065.494600419388,0.0
1304,26080.0,26084.37328535046,0.0
1305,26100.0,26106.941143676686,0.0
1306,26120.0,26127.239546718112,0.0
1307,26140.0,26146.39456900834,0.0
1308,26160.0,26166.921609284436,0.0
1309,26180.0,26185.745939602457,0.0
1310,26200.0,26204.887574755594,0.0
1311,26220.0,26225.705340045806,0.0
1312,26240.0,26246.795153551207,0.0
1313,26260.0,26263.82495610504,0.0
1314,26280.0,26285.27790558052,0.0
1315,26300.0,26308.047812466946,0.0
1316,26320.0,26327.25114878516,0.0
1317,26340.0,26344.585540431166,0.0
1318,26360.0,26366.04520427293,0.0
1319,26380.0,26385.294876500102,0.0
1320,26400.0,26407.770686983175,0.0
1321,26420.0,26429.506030759007,0.0
1322,26440.0,26446.079061267454,0.0
1323,26460.0,26466.473136836063,0.0
1324,26480.0,26486.593753447018,0.0
1325,26500.0,26503.379827346365,0.0
1326,26520.0,26525.510591778977,0.0
1327,26540.0,26547.002836912783,0.0
1328,26560.0,26568.462956393418,0.0
1329,26580.0,26586.245298757385,0.0
1330,26600.0,26605.99504117034,0.0
1331,26620.0,26625.52952607061,0.0
1332,26640.0,26646.369911664748,0.0
1333,26660.0,26667.69841430786,0.0
1334,26680.0,26686.97275666782,0.0
1335,26700.0,26706.235929313683,0.0
1336,26720.0,26727.516711562435,0.0
1337,26740.0,26747.050996450056,0.0
1338,26760.0,26765.708205109615,0.0
1339,26780.0,26784.57751307133,0.0
1340,26800.0,26809.283668587424,0.0
1341,26820.0,26826.668239902774,0.0
1342,26840.0,26846.478902358165,0.0
1343,26860.0,26867.4193644048,0.0
1344,26880.0,26887.065900034417,0.0
1345,26900.0,26907.03045219042,0.0
1346,26920.0,26925.335896968267,0.0
1347,26940.0,26944.58154777399,0.0
1348,26960.0,26966.469470504002,0.0
1349,26980.0,26988.281741101437,0.0
1350,27000.0,27004.90309144448,0.0
1351,27020.0,27026.74297263743,0.0
1352,27040.0,27046.081880328285,0.0
1353,27060.0,27067.039892504796,0.0
1354,27080.0,27086.83760385695,0.0
1355,27100.0,27104.80981125968,0.0
1356,27120.0,27125.492537121827,0.0
1357,27140.0,27147.059494148387,0.0
1358,27160.0,27165.987354752557,0.0
1359,27180.0,27186.026016851927,0.0
1360,27200.0,27204.850588823218,0.0
1361,27220.0,27224.831089309828,0.0
1362,27240.0,27246.71785463336,0.0
1363,27260.0,27265.983425267066,0.0
1364,27280.0,27285.408359974204,0.0
1365,27300.0,27309.155000432846,0.0
1366,27320.0,27327.114781963417,0.0
1367,27340.0,27345.929102697668,0.0
1368,27360.0,27365.396444015903,0.0
1369,27380.0,27387.632908233947,0.0
1370,27400.0,27407.73236885242,0.0
1371,27420.0,27427.61786200718,0.0
1372,27440.0,27444.75581615486,0.0
1373,27460.0,27466.553321158237,0.0
1374,27480.0,27487.9197881697,0.0
1375,27500.0,27505.896604093923,0.0
1376,27520.0,27528.8482842514,0.0
1377,27540.0,27548.40820676669,0.0
1378,27560.0,27565.995407451122,0.0
1379,27580.0,27587.896109291833,0.0
1380,27600.0,27606.649117327528,0.0
1381,27620.0,27624.30894122964,0.0
1382,27640.0,27645.473585084947,0.0
1383,27660.0,27666.46368579946,0.0
1384,27680.0,27686.016700321677,0.0
1385,27700.0,27703.69544453626,0.0
1386,27720.0,27726.283057298995,0.0
1387,27740.0,27745.367712625386,0.0
1388,27760.0,27767.434197540868,0.0
1389,27780.0,27787.50979180566,0.0
1390,27800.0,27807.26996125734,0.0
1391,27820.0,27827.621069620036,0.0
1392,27840.0,27849.717300402375,0.0
1393,27860.0,27866.388408344992,0.0
1394,27880.0,27887.720076673213,0.0
1395,27900.0,27905.173529405965,0.0
1396,27920.0,27927.12341007091,0.0
1397,27940.0,27947.318571218373,0.0
1398,27960.0,27965.556255839314,0.0
1399,27980.0,27986.98654644787,0.0
1400,28000.0,28005.7732919613,0.0
1401,28020.0,28027.39038355323,0.0
1402,28040.0,28046.842681422087,0.0
1403,28060.0,28065.190547680635,0.0
1404,28080.0,28086.289959071742,0.0
1405,28100.0,28106.3829036512,0.0
1406,28120.0,28125.576876035517,0.0
1407,28140.0,28143.85505692522,0.0
1408,28160.0,28166.06068046271,0.0
1409,28180.0,nan,1.0
1410,28200.0,28206.045760095505,0.0
1411,28220.0,28226.417821640032,0.0
1412,28240.0,28247.625687384618,0.0
1413,28260.0,28267.685906780094,0.0
1414,28280.0,28285.773023651433,0.0
1415,28300.0,28307.301775300635,0.0
1416,28320.0,28326.489422975344,0.0
1417,28340.0,28345.950466284867,0.0
1418,28360.0,28367.004632669472,0.0
1419,28380.0,28388.336465248267,0.0
1420,28400.0,28406.773207800914,0.0
1421,28420.0,28428.979527033618,0.0
1422,28440.0,28446.600723471405,0.0
1423,28460.0,28464.451207284266,0.0
1424,28480.0,28485.5751093002,0.0
1425,28500.0,28507.56867660683,0.0
1426,28520.0,28525.208572824715,0.0
1427,28540.0,28547.060480372053,0.0
1428,28560.0,28565.268822854192,0.0
1429,28580.0,28584.206816226248,0.0
1430,28600.0,28603.03187803178,0.0
1431,28620.0,28627.625366136963,0.0
1432,28640.0,28644.16676786291,0.0
1433,28660.0,28664.40170595178,0.0
1434,28680.0,28685.314765109888,0.0
1435,28700.0,28706.40263880043,0.0
1436,28720.0,28728.879601269604,0.0
1437,28740.0,28748.82469169167,0.0
1438,28760.0,28767.112767218627,0.0
1439,28780.0,28784.501014993162,0.0
1440,28800.0,28806.367167043667,0.0
1441,28820.0,28826.216231227612,0.0
1442,28840.0,28845.993218891617,0.0
1443,28860.0,28866.29699525897,0.0
1444,28880.0,28886.78090453078,0.0
1445,28900.0,28910.285252775302,0.0
1446,28920.0,28925.76676175533,0.0
1447,28940.0,28944.438564840795,0.0
1448,28960.0,28966.61565309002,0.0
1449,28980.0,28986.261833794146,0.0
1450,29000.0,29006.005498733182,0.0
1451,29020.0,29027.32684548435,0.0
1452,29040.0,29049.456438590747,0.0
1453,29060.0,29065.45840041923,0.0
1454,29080.0,29087.233703511283,0.0
1455,29100.0,29106.22354218331,0.0
1456,29120.0,29125.99683074927,0.0
1457,29140.0,29145.223347105955,0.0
1458,29160.0,29164.70036476535,0.0
1459,29180.0,29187.425882470852,0.0
1460,29200.0,29206.28477599832,0.0
1461,29220.0,29224.846913773476,0.0
1462,29240.0,29247.352381011315,0.0
1463,29260.0,29267.39358689639,0.0
1464,29280.0,29284.88679827695,0.0
1465,29300.0,29305.503787767553,0.0
1466,29320.0,29325.97351028002,0.0
1467,29340.0,29344.942583146676,0.0
1468,29360.0,29366.555962148293,0.0
1469,29380.0,29384.84506479691,0.0
1470,29400.0,29405.862323383808,0.0
1471,29420.0,29426.09035167819,0.0
1472,29440.0,29447.01969575819,0.0
1473,29460.0,29466.064658364296,0.0
1474,29480.0,29486.268813875075,0.0
1475,29500.0,29505.05373065148,0.0
1476,29520.0,29525.92963026159,0.0
1477,29540.0,29546.99635210838,0.0
1478,29560.0,29563.886123328815,0.0
1479,29580.0,29586.744131572446,0.0
1480,29600.0,29609.14077269996,0.0
1481,29620.0,29626.003074289427,0.0
1482,29640.0,29646.004463069243,0.0
1483,29660.0,29665.44593452265,0.0
1484,29680.0,29684.82611325237,0.0
1485,29700.0,29706.928260941455,0.0
1486,29720.0,29726.049397197057,0.0
1487,29740.0,29745.566738168418,0.0
1488,29760.0,29764.51105888464,0.0
1489,29780.0,29785.726678599447,0.0
1490,29800.0,29805.48916270136,0.0
1491,29820.0,29823.373499317382,0.0
1492,29840.0,29845.713047499903,0.0
1493,29860.0,29863.5820027313,0.0
1494,29880.0,29885.7412821099,0.0
1495,29900.0,29906.640980232016,0.0
1496,29920.0,29923.82736615936,0.0
1497,29940.0,29944.88090770566,0.0
1498,29960.0,29963.6678046193,0.0
1499,29980.0,29985.969788071496,0.0
1500,30000.0,30007.883224262143,0.0
1501,30020.0,30023.22750694737,0.0
1502,30040.0,30046.53870808466,0.0
1503,30060.0,30066.08499891859,0.0
1504,30080.0,30083.741186006882,0.0
1505,30100.0,30105.266462517415,0.0
1506,30120.0,30126.917002174738,0.0
1507,30140.0,30147.637422331994,0.0
1508,30160.0,30165.625497944366,0.0
1509,30180.0,30185.064933998507,0.0
1510,30200.0,30205.643704633207,0.0
1511,30220.0,30225.789215416928,0.0
1512,30240.0,30246.597452430684,0.0
1513,30260.0,30266.20955192138,0.0
1514,30280.0,30285.076331121043,0.0
1515,30300.0,30303.645957855144,0.0
1516,30320.0,30325.910295774418,0.0
1517,30340.0,30344.333697498925,0.0
1518,30360.0,30363.552575274003,0.0
1519,30380.0,30384.622026933932,0.0
1520,30400.0,30406.439068956643,0.0
1521,30420.0,30425.867740380938,0.0
1522,30440.0,30445.423057214644,0.0
1523,30460.0,30467.229553536286,0.0
1524,30480.0,30484.23434272414,0.0
1525,30500.0,30506.791160352368,0.0
1526,30520.0,30525.642269311087,0.0
1527,30540.0,30546.53228052171,0.0
1528,30560.0,30563.111456998486,0.0
1529,30580.0,30584.779821588945,0.0
1530,30600.0,30605.05466507123,0.0
1531,30620.0,30626.35250536491,0.0
1532,30640.0,30644.073244309962,0.0
1533,30660.0,30665.745493839033,0.0
1534,30680.0,30685.38582623352,0.0
1535,30700.0,30704.00085434546,0.0
1536,30720.0,30725.905859055016,0.0
1537,30740.0,30746.112595875253,0.0
1538,30760.0,30763.406251457844,0.0
1539,30780.0,30783.673118527666,0.0
1540,30800.0,30804.995993713466,0.0
1541,30820.0,30827.296849474726,0.0
1542,30840.0,30844.276112433337,0.0
1543,30860.0,30864.37090385302,0.0
1544,30880.0,30884.622451482963,0.0
1545,30900.0,nan,1.0
1546,30920.0,30925.221321185993,0.0
1547,30940.0,30944.9359966015,0.0
1548,30960.0,30963.33538398475,0.0
1549,30980.0,30983.805722397945,0.0
1550,31000.0,31007.13867807905,0.0
1551,31020.0,31025.104598943108,0.0
1552,31040.0,31044.714099626817,0.0
1553,31060.0,31062.010077916228,0.0
1554,31080.0,31085.13208339965,0.0
1555,31100.0,31104.63343014878,0.0
1556,31120.0,31127.11483606545,0.0
1557,31140.0,31145.30089290175,0.0
1558,31160.0,31165.227063980183,0.0
1559,31180.0,31183.749069286445,0.0
1560,31200.0,31203.746138488154,0.0
1561,31220.0,31225.043287199096,0.0
1562,31240.0,31244.64662803121,0.0
1563,31260.0,31263.382419711314,0.0
1564,31280.0,31284.43829092363,0.0
1565,31300.0,31305.340525962398,0.0
1566,31320.0,31325.38613828562,0.0
1567,31340.0,31344.75917058525,0.0
1568,31360.0,31366.613286619002,0.0
1569,31380.0,31385.01649144572,0.0
1570,31400.0,31406.743225363043,0.0
1571,31420.0,31426.55397333279,0.0
1572,31440.0,31443.68205730673,0.0
1573,31460.0,31466.58664097004,0.0
1574,31480.0,31485.601781234334,0.0
1575,31500.0,31505.014458959125,0.0
1576,31520.0,31523.95308087798,0.0
1577,31540.0,31544.671138156053,0.0
1578,31560.0,31564.230141115157,0.0
1579,31580.0,31582.660423040903,0.0
1580,31600.0,31603.831911581874,0.0
1581,31620.0,31624.386213645135,0.0
1582,31640.0,31646.479836144084,0.0
1583,31660.0,31665.896941642215,0.0
1584,31680.0,31684.451297832187,0.0
1585,31700.0,31705.899807038324,0.0
1586,31720.0,31724.46161273244,0.0
1587,31740.0,31744.748998621017,0.0
1588,31760.0,31763.002235865075,0.0
1589,31780.0,31785.32288130511,0.0
1590,31800.0,31804.760762775546,0.0
1591,31820.0,31825.054068092333,0.0
1592,31840.0,31845.992570792398,0.0
1593,31860.0,31862.535823158374,0.0
1594,31880.0,31882.928195855326,0.0
1595,31900.0,31905.18834507622,0.0
1596,31920.0,31924.36755354328,0.0
1597,31940.0,31945.13040559638,0.0
1598,31960.0,31964.213752763222,0.0
1599,31980.0,31986.478467018493,0.0
