time,theta_ref_deg,theta_meas_deg
0.0,2.876553231625218,2.876553231625218
0.03337041156840934,3.175606835016214,3.0415258394803915
0.06674082313681869,3.472762030549828,3.4126687850561463
0.10011123470522804,3.7679233451355283,3.711756365272952
0.13348164627363737,4.060996538737655,4.076874314704016
0.1668520578420467,4.351888655490482,4.3804718772209315
0.20022246941045607,4.640508074011006,4.783074300241608
0.2335928809788654,4.926764556878618,5.041409551153627
0.26696329254727474,5.210569299251397,5.347897519213061
0.3003337041156841,5.491834976589214,5.6602629469201
0.3337041156840934,5.770475791454489,6.019241988977677
0.3670745272525028,6.0464075193619555,6.330984804960494
0.40044493882091214,6.319547553649384,6.651856363837701
0.43381535038932145,6.5898149493419,6.867151046926995
0.4671857619577308,6.857130465983056,7.217006186247591
0.5005561735261401,7.1214166094065465,7.407486406971763
0.5339265850945495,7.3825976724230795,7.777771971083643
0.5672969966629589,7.640599774397603,8.155537738523158
0.6006674082313682,7.895350899692798,8.398895271877986
0.6340378197997775,8.146780934955407,8.706265136683738
0.6674082313681868,8.394821705222778,8.831753585643856
0.7007786429365962,8.639407008827632,9.08438393285009
0.7341490545050056,8.88047265107992,9.206680949647046
0.7675194660734149,9.117956476705327,9.44842782319294
0.8008898776418243,9.35179840102079,9.751856697249526
0.8342602892102335,9.581940439828172,10.066003101715943
0.8676307007786429,9.808326738008073,10.264015694706947
0.9010011123470523,10.030903596796488,10.499124139375768
0.9343715239154616,10.24961949972796,10.677260946328694
0.967741935483871,10.46442513722961,10.93215032002134
1.0011123470522802,10.675273429851323,11.1077475678001
1.0344827586206897,10.882119550118208,11.292269883488869
1.067853170189099,11.084920942992305,11.530599436725984
1.1012235817575082,11.283637344931405,11.833475600909681
1.1345939933259177,11.478230801533677,12.090682299728293
1.167964404894327,11.668665683757737,12.317112127174193
1.2013348164627364,11.85490870270868,12.401388284165686
1.2347052280311457,12.036928922981383,12.53685919398808
1.268075639599555,12.214697774553494,12.671804417656771
1.3014460511679644,12.388189063221231,12.869601224693207
1.3348164627363737,12.557378979572121,13.075796583082788
1.3681868743047831,12.722246106489731,13.128887593250694
1.4015572858731924,12.882771425186307,13.334628454004095
1.4349276974416016,13.038938319760225,13.567799827352202
1.4682981090100111,13.190732580275984,13.644548436380665
1.5016685205784204,13.338142404365506,13.787328735786542
1.5350389321468298,13.48115839735038,13.994978214273356
1.568409343715239,13.619773570885524,14.027543679845964
1.6017797552836486,13.753983340125863,14.17118164960462
1.6351501668520578,13.883785519418357,14.262331029088333
1.668520578420467,14.009180316522702,14.264823215640845
1.7018909899888766,14.130170325364986,14.359964457633062
1.7352614015572858,14.24676051732943,14.453197592117327
1.7686318131256953,14.358958231094293,14.51420572037279
1.8020022246941045,14.466773161018939,14.601112376618408
1.8353726362625138,14.570217344089912,14.7234352660316
1.8687430478309233,14.669305145434882,14.805381850749432
1.9021134593993325,14.764053242414027,14.835479977640798
1.935483870967742,14.854480607299545,14.91568959792692
1.9688542825361512,14.94060848855464,15.060968503379582
2.0022246941045605,15.02246039072438,15.094088573218851
2.0355951056729698,15.100062052951555,15.187997252123719
2.0689655172413794,15.173441426131651,15.231309496337891
2.1023359288097887,15.242628648721762,15.165314301854725
2.135706340378198,15.307656021219227,15.250091665740095
2.169076751946607,15.368557979326539,15.198717289754299
2.2024471635150165,15.425371065819933,15.13326072190937
2.235817575083426,15.478133901139781,15.194416047248296
2.2691879866518354,15.52688715272188,15.178982164086865
2.3025583982202447,15.571673503089333,15.298524926333474
2.335928809788654,15.612537616725596,15.428433056793706
2.369299221357063,15.649526105750013,15.485127578277748
2.402669632925473,15.68268749441786,15.46321031787836
2.436040044493882,15.712072182467718,15.366923845014316
2.4694104560622914,15.737732407339658,15.323632510597323
2.5027808676307006,15.759722205288448,15.371705549499858
2.53615127919911,15.778097371416687,15.413748871542124
2.5695216907675196,15.792915418653411,15.2834016132175
2.602892102335929,15.804235535704453,15.246264594720168
2.636262513904338,15.81211854400133,15.304898176992221
2.6696329254727473,15.816626853676212,15.218976363246325
2.7030033370411566,15.817824418591076,15.345636398018996
2.7363737486095663,15.815776690449667,15.376940208110629
2.7697441601779755,15.810550572021539,15.40200196537371
2.803114571746385,15.802214369508043,15.285510887495816
2.836484983314794,15.79083774408049,15.275508816722981
2.8698553948832033,15.776491662621405,15.296285514110364
2.903225806451613,15.75924834770024,15.278875097164358
2.9365962180200222,15.739181226815283,15.195646970581008
2.9699666295884315,15.716364880934123,15.211522531258561
3.0033370411568407,15.690874992365309,15.10226514949243
3.03670745272525,15.662788291994406,14.962161690432282
3.0700778642936597,15.632182505917879,14.922107458534015
3.103448275862069,15.59913630150874,14.922141682468146
3.136818687430478,15.563729232948235,14.879469419056635
3.1701890989988875,15.526041686258047,14.769198604490084
3.203559510567297,15.486154823867977,14.72667828679724
3.2369299221357064,15.444150528754234,14.68717961827428
3.2703003337041157,15.400111348183747,14.619730609027735
3.303670745272525,15.354120437100217,14.647251279235482
3.337041156840934,15.306261501187738,14.69604734016976
3.370411568409344,15.256618739648125,14.672006897361417
3.403781979977753,15.205276787728177,14.759267247293911
3.4371523915461624,15.152320659033293,14.749370950236013
3.4705228031145716,15.097835687663993,14.638153421698503
3.503893214682981,15.041907470211994,14.54691998904687
3.5372636262513906,14.984621807652532,14.516980210347683
3.5706340378198,14.926064647169763,14.512533482905587
3.604004449388209,14.866322023952057,14.547082540809146
3.6373748609566183,14.805480002993987,14.569739062905398
3.6707452725250276,14.743624620941915,14.451503791298435
3.7041156840934373,14.680841828019895,14.36973484127011
3.7374860956618465,14.61721743007268,14.287986125454383
3.770856507230256,14.552837030762467,14.203121386303051
3.804226918798665,14.487785973955987,14.207609879426084
3.8375973303670743,14.422149286338309,14.077659390468748
3.870967741935484,14.35601162028969,14.121220195387128
3.9043381535038932,14.289457197061596,14.072674651089676
3.9377085650723025,14.222569750287752,13.96082166566784
3.9710789766407117,14.155432469866042,13.973130094011005
4.004449388209121,14.0881279462466,13.832997362735822
4.03781979977753,14.020738115161398,13.63267101521558
4.0711902113459395,13.953344202830252,13.59229754270709
4.104560622914349,13.886026671677785,13.404861113290726
4.137931034482759,13.818865166595746,13.5083169001341
4.171301446051168,13.751938461784617,13.549929870385089
4.204671857619577,13.685324408207986,13.45479378759462
4.238042269187987,13.61909988169306,13.403000901716032
4.271412680756396,13.55334073170993,13.339561109692644
4.304783092324805,13.48812173086203,13.40398798199901
4.338153503893214,13.423516525119666,13.399357440395425
4.371523915461624,13.359597584828073,13.335717990837379
4.404894327030033,13.296436156520837,13.267657488179003
4.438264738598443,13.234102215569244,13.277102010709182
4.471635150166852,13.172664419697377,13.107740445212345
4.505005561735262,13.112190063392278,13.138560943442778
4.538375973303671,13.052745033238036,13.070351483173637
4.57174638487208,12.994393764201952,13.07139029641261
4.605116796440489,12.937199196900375,13.03003587343614
4.638487208008899,12.881222735871184,12.948202667909731
4.671857619577308,12.826524208879274,12.85684353440607
4.705228031145717,12.773161827280706,12.929951892031893
4.738598442714126,12.721192147470553,12.919571680422859
4.7719688542825365,12.670670033438736,12.945538703001583
4.805339265850946,12.62164862045758,13.012850915532708
4.838709677419355,12.57417927992383,12.952047848884215
4.872080088987764,12.528311585377512,12.926676429199535
4.9054505005561735,12.484093279718918,12.890805341524148
4.938820912124583,12.441570243644502,12.80270764124202
4.972191323692992,12.40078646532157,12.88266207563331
5.005561735261401,12.361784011320848,12.806893991304948
5.0389321468298105,12.324602998825371,12.867017927468158
5.07230255839822,12.289281569133133,12.862898384210943
5.10567296996663,12.255855862470252,12.867999514057262
5.139043381535039,12.224359994130575,12.756502856834082
5.172413793103448,12.194826031956659,12.733507365057612
5.205784204671858,12.16728397517648,12.727140921566578
5.239154616240267,12.141761734609135,12.653228251020447
5.272525027808676,12.118285114252021,12.645609132618796
5.305895439377085,12.096877794261134,12.608359517687742
5.339265850945495,12.077561315335219,12.57949544589094
5.372636262513904,12.060355064513592,12.456588959715988
5.406006674082313,12.045276262396648,12.452492956031572
5.439377085650723,12.032339951797052,12.449447178480533
5.472747497219133,12.021558987828808,12.576926670271158
5.506117908787542,12.012944029440446,12.540149207811709
5.539488320355951,12.00650353239768,12.516222734512457
5.57285873192436,12.002243743719934,12.440191705538412
5.60622914349277,12.00016869757426,12.368421952682642
5.639599555061179,12.000280212629264,12.401002497537435
5.672969966629588,12.002577890870644,12.56296259135567
5.706340378197997,12.007059117879145,12.564794347212786
5.739710789766407,12.013719064570726,12.452325285820697
5.773081201334817,12.022550690397855,12.42006308932781
5.806451612903226,12.033544748009886,12.399037955605683
5.839822024471635,12.046689789369603,12.40310401065421
5.8731924360400445,12.061972173322069,12.470989893443218
5.906562847608454,12.079376074610984,12.595831439498015
5.939933259176863,12.098883494336889,12.512579790609538
5.973303670745272,12.120474271850597,12.626688641030059
6.0066740823136815,12.144126098074356,12.713562865447619
6.040044493882091,12.169814530242352,12.792041194827487
6.0734149054505,12.197513008051228,12.716676491006833
6.10678531701891,12.227192871210434,12.615773111829403
6.140155728587319,12.258823378381376,12.668892921157127
6.173526140155729,12.29237172749334,12.753679688728726
6.206896551724138,12.327803077423438,12.702207740020162
6.240266963292547,12.365080571026883,12.628254040214268
6.273637374860956,12.404165359503034,12.662554247885778
6.307007786429366,12.44501662808186,12.551592462365535
6.340378197997775,12.487591623014637,12.52341031284578
6.373748609566184,12.531845679851806,12.485803041372753
6.407119021134594,12.577732252990142,12.653771059204693
6.440489432703004,12.625202946470683,12.750457518279388
6.473859844271413,12.674207546007842,12.718326457691456
6.507230255839822,12.724694052229614,12.80866144285656
6.540600667408231,12.776608715107844,12.753237409068955
6.573971078976641,12.829896069556817,12.898681721416008
6.60734149054505,12.884498972177752,12.853292165869266
6.640711902113459,12.94035863912595,12.848181150122214
6.674082313681868,12.997414685076771,12.84915581021669
6.707452725250278,13.055605163265751,12.860034321748456
6.740823136818688,13.114866606577689,12.663566113687247
6.774193548387097,13.175134069658675,12.617849052262699
6.807563959955506,13.236341172024552,12.64213564303992
6.8409343715239155,13.298420142138529,12.660875528132197
6.874304783092325,13.361301862430189,12.685129155141366
6.907675194660734,13.424915915227409,12.82762520800835
6.941045606229143,13.489190629572228,12.907828834153078
6.9744160177975525,13.554053128891088,13.0122877018472
7.007786429365962,13.619429379489343,12.984979777703872
7.041156840934371,13.685244239839466,13.025220591358874
7.074527252502781,13.751421510631678,13.109902233975355
7.10789766407119,13.817883985555632,13.107705474261877
7.1412680756396,13.8845535027808,13.211306720605409
7.174638487208009,13.951350997103301,13.354956315680631
7.208008898776418,14.018196552726005,13.404247403497513
7.241379310344827,14.0850094566388,13.537166698240252
7.274749721913237,14.151708252564994,13.568946450729877
7.308120133481646,14.218210795440182,13.655391489842625
7.341490545050055,14.284434306388656,13.769750455231906
7.374860956618464,14.350295428163102,13.868012795659512
7.4082313681868746,14.415710281012146,13.817387660342382
7.441601779755284,14.480594518940734,13.979187795448738
7.474972191323693,14.54486338632758,14.045585025253263
7.508342602892102,14.608431774863973,14.020130587398732
7.541713014460512,14.671214280777974,14.008672705002049
7.575083426028921,14.73312526230776,14.058295497066739
7.60845383759733,14.79407889738775,14.082578402357052
7.641824249165739,14.853989241511126,14.13514609769829
7.675194660734149,14.912770285732059,14.098846160149265
7.708565072302558,14.970336014770952,14.04827635174428
7.741935483870968,15.026600465186007,14.14413867270415
7.775305895439377,15.081477783574202,14.272330212475813
7.8086763070077865,15.134882284764947,14.369306501798066
7.842046718576196,15.186728509969495,14.40193232331164
7.875417130144605,15.236931284849343,14.583857580327432
7.908787541713014,15.285405777466842,14.75246534591574
7.9421579532814235,15.332067556081348,14.79192283136192
7.975528364849833,15.376832646754218,14.882620428626474
8.008898776418242,15.419617590726263,14.894334473465225
8.042269187986651,15.460339501531251,15.016038003376325
8.07563959955506,15.49891612180923,14.961969328190154
8.10901001112347,15.535265879783747,14.97175385934464
8.142380422691879,15.569307945367074,15.027548081973292
8.175750834260288,15.600962285857893,15.094406448752862
8.209121245828698,15.630149721196103,15.06204607048786
8.242491657397109,15.656791978739744,14.889961845737721
8.275862068965518,15.68081174752917,14.910044941900718
8.309232480533927,15.702132732004081,14.938911882166945
8.342602892102336,15.720679705139439,15.049519363477506
8.375973303670746,15.736378560966166,15.050523816425791
8.409343715239155,15.749156366443696,15.082942015786829
8.442714126807564,15.758941412651057,15.129081649299957
8.476084538375973,15.76566326526417,15.118889363842182
8.509454949944383,15.76925281428706,15.110974154558042
8.542825361512792,15.769642323005616,15.122203178177408
8.576195773081201,15.766765476132374,15.257247531699484
8.60956618464961,15.760557427112056,15.371747293839187
8.64293659621802,15.750954844557434,15.408385231741946
8.676307007786429,15.737895957786082,15.451853327606925
8.709677419354838,15.72132060142889,15.461078144858531
8.743047830923247,15.701170259082048,15.352478078573133
8.776418242491657,15.67738810597433,15.311339579107198
8.809788654060066,15.649919050622808,15.351402389259567
8.843159065628475,15.618709775450052,15.378251000524129
8.876529477196886,15.583708776337046,15.456360428563972
8.909899888765295,15.544866401086374,15.548822439827815
8.943270300333705,15.502134886771199,15.479800491972274
8.976640711902114,15.455468395945871,15.346392170101904
9.010011123470523,15.404823051695185,15.346791377673604
9.043381535038932,15.350156971499597,15.36436666807604
9.076751946607342,15.291430299894696,15.261131730118711
9.110122358175751,15.228605239903924,15.236445402936376
9.14349276974416,15.161646083224298,15.16010325749662
9.17686318131257,15.090519239145584,15.113192649658092
9.210233592880979,15.015193262184326,14.951888925858851
9.243604004449388,14.935638878414853,14.931354836341475
9.276974416017797,14.851829010480053,14.937915956410226
9.310344827586206,14.76373880126584,14.80466428691341
9.343715239154616,14.671345636223812,14.695043452202512
9.377085650723025,14.574629164327508,14.682527214558124
9.410456062291434,14.473571317648595,14.599286858021893
9.443826473859843,14.368156329540104,14.561770653887802
9.477196885428253,14.258370751414763,14.58982224327322
9.510567296996662,14.1442034681072,14.462521930476129
9.543937708565073,14.025645711809947,14.357716442514533
9.577308120133482,13.902691074573841,14.251499587995934
9.610678531701891,13.775335519364251,14.081961048742274
9.6440489432703,13.64357738966587,14.071423601056853
9.67741935483871,13.507417417629146,13.910277453554977
9.71078976640712,13.366858730752838,13.823119327393572
9.744160177975528,13.221906857097801,13.527330432369649
9.777530589543938,13.072569729028066,13.464740696221606
9.810901001112347,12.918857685476357,13.312372243423102
9.844271412680756,12.760783472731893,13.202608169424515
9.877641824249165,12.598362243749428,13.03107386672867
9.911012235817575,12.431611555979206,12.823507434414724
9.944382647385984,12.260551367718714,12.623673224430393
9.977753058954393,12.085204032987756,12.495225968689953
10.011123470522802,11.905594294929418,12.29167048987842
10.044493882091212,11.721749277740484,12.051154613965977
10.077864293659621,11.533698477135681,11.908065093700047
10.11123470522803,11.341473749350985,11.77827637363621
10.14460511679644,11.145109298692375,11.54403434213032
10.177975528364849,10.944641663637094,11.309055505754806
10.21134593993326,10.740109701495403,11.064855521963429
10.244716351501669,10.531554571641953,10.911442203595843
10.278086763070078,10.319019717326455,10.729602240078526
10.311457174638488,10.10255084607439,10.50886881954708
10.344827586206897,9.88219590868951,10.238441614263023
10.378197997775306,9.658005076870495,10.044890049507432
10.411568409343715,9.430030719455083,9.719782508095726
10.444938820912125,9.198327377306,9.467111078096258
10.478309232480534,8.962951736853718,9.184177297097154
10.511679644048943,8.723962602311836,8.936254916047606
10.545050055617352,8.481420866581974,8.70099743826274
10.578420467185762,8.235389480865598,8.510926183582747
10.61179087875417,7.985933423001182,8.329167552644908
10.64516129032258,7.733119664545904,8.058467061947255
10.67853170189099,7.477017136621758,7.733305922732856
10.711902113459399,7.217696694546744,7.360840969553444
10.745272525027808,6.955231081272752,6.964597813879121
10.778642936596217,6.689694889652298,6.743651987889116
10.812013348164626,6.421164523556949,6.445235437072427
10.845383759733037,6.149718157871229,6.195461691489132
10.878754171301447,5.875435697386495,5.885363548722927
10.912124582869856,5.59839873461945,5.581875375185513
10.945494994438265,5.318690506581456,5.292434423294739
10.978865406006674,5.0363958505248725,4.920804292850483
11.012235817575084,4.751601158693275,4.582212689639527
11.045606229143493,4.464394332103556,4.280459932964703
11.078976640711902,4.174864733387858,3.9870490580590885
11.112347052280311,3.883103138724374,3.553574932337662
11.14571746384872,3.5892016888863005,3.246142479061521
11.17908787541713,3.293253839439127,2.8793500379392687
11.21245828698554,2.9953543101164075,2.7420531404543516
11.245828698553948,2.695599033405463,2.5501487188759597
11.279199110122358,2.394085102374168,2.343287123608386
11.312569521690767,2.0909107177710244,2.1022978117693523
11.345939933259176,1.7861751344308239,1.7659144037140757
11.379310344827585,1.4799786070189935,1.5110579725319964
11.412680756395995,1.1724223351475467,1.215841888472432
11.446051167964404,0.863608407896792,0.8826157389661557
11.479421579532813,0.5536397477764052,0.6374847602940839
11.512791991101224,0.2426200541606809,0.2712115588785293
11.546162402669633,-0.06934625376764103,-0.07470394925635793
11.579532814238043,-0.3821540945297335,-0.38786082502047814
11.612903225806452,-0.6956977822838812,-0.7356117995369157
11.646273637374861,-1.0098710851440238,-0.9306305249989884
11.67964404894327,-1.3245672838477343,-1.3352405047201181
11.71301446051168,-1.6396792307376233,-1.7163477673974026
11.746384872080089,-1.955099409019799,-2.0459555994182064
11.779755283648498,-2.2707199922630825,-2.46551377760716
11.813125695216907,-2.58643290410241,-2.854976216228367
11.846496106785317,-2.9021298781095273,-3.2217568644749432
11.879866518353726,-3.21770251779432,-3.582936945903738
11.913236929922135,-3.533042356699833,-3.8649443591493986
11.946607341490544,-3.848040918554101,-4.201416926029861
11.979977753058954,-4.162589777441597,-4.56212323459686
12.013348164627363,-4.4765806179574135,-4.920012159343101
12.046718576195772,-4.7899052953072685,-5.2589983750684235
12.080088987764181,-5.102455895316213,-5.483824407989798
12.11345939933259,-5.414124794309125,-5.9500083283344205
12.146829810901,-5.724804718826293,-6.276344146805628
12.180200222469411,-6.034388805137269,-6.530923324115639
12.21357063403782,-6.342770658516294,-6.918904794627671
12.24694104560623,-6.649844412243162,-7.238788632143987
12.280311457174639,-6.955504786292732,-7.692044939599886
12.313681868743048,-7.259647145677469,-8.018853952346074
12.347052280311457,-7.562167558406842,-8.376260415085017
12.380422691879867,-7.862962853028099,-8.56967894749404
12.413793103448276,-8.16193067571284,-8.963405949950726
12.447163515016685,-8.458969546854615,-9.335650022986709
12.480533926585094,-8.753978917142348,-9.558132284031503
12.513904338153504,-9.04685922307548,-9.855633398937565
12.547274749721913,-9.337511941886468,-10.13052862790926
12.580645161290322,-9.625839645837054,-10.466860471546877
12.614015572858731,-9.911746055854731,-10.780624056313565
12.64738598442714,-10.195136094476785,-11.066795462773598
12.68075639599555,-10.475915938069011,-11.229675206231766
12.714126807563959,-10.753993068287343,-11.448937177966036
12.747497219132368,-11.029276322750613,-11.741492603058234
12.780867630700778,-11.301675944893491,-12.056882960980305
12.814238042269189,-11.571103632968786,-12.408488355839971
12.847608453837598,-11.837472588169323,-12.60245694410693
12.880978865406007,-12.100697561839693,-12.710426962761762
12.914349276974416,-12.36069490174895,-12.9124570989411
12.947719688542826,-12.617382597395984,-13.244853927982582
12.981090100111235,-12.870680324319682,-13.552422940021202
13.014460511679644,-13.120509487386851,-13.818025993902664
13.047830923248053,-13.366793263031392,-13.966798573472143
13.081201334816463,-13.609456640418792,-14.205923200905863
13.114571746384872,-13.84842646151079,-14.374579393887993
13.147942157953281,-14.08363146000584,-14.532436956056452
13.18131256952169,-14.315002299131434,-14.701344036639611
13.2146829810901,-14.542471608265238,-14.872046798673132
13.248053392658509,-14.765974018362776,-15.075855114403089
13.281423804226918,-14.985446196170017,-15.237715478725098
13.314794215795327,-15.200826877199951,-15.510502917143516
13.348164627363737,-15.412056897453253,-15.710557273524087
13.381535038932146,-15.619079223863553,-16.042970356255818
13.414905450500555,-15.82183898344894,-16.154495543731084
13.448275862068964,-16.02028349115205,-16.224529449215318
13.481646273637375,-16.214362276351718,-16.330059452650445
13.515016685205785,-16.404027108030235,-16.538295850593713
13.548387096774194,-16.58923201858117,-16.688923486159794
13.581757508342603,-16.76993332624306,-16.860083711257328
13.615127919911012,-16.94608965614575,-16.87523480254205
13.648498331479422,-17.117661959956713,-17.035746308681848
13.681868743047831,-17.284613534115447,-17.160440815160236
13.71523915461624,-17.446910036645196,-17.20938082346537
13.74860956618465,-17.604519502532057,-17.32909590215952
13.781979977753059,-17.757412357662172,-17.56698223037291
13.815350389321468,-17.905561431308993,-17.709118619740977
13.848720800889877,-18.048941967163266,-17.918403980069254
13.882091212458286,-18.18753163289934,-18.071914314099118
13.915461624026696,-18.321310528272292,-18.21787416098429
13.948832035595105,-18.450261191741376,-18.444162618697426
13.982202447163514,-18.57436860561618,-18.459350319628886
14.015572858731923,-18.693620199722627,-18.528285710585404
14.048943270300333,-18.80800585358719,-18.58045408110461
14.082313681868742,-18.917517897138364,-18.77582135982426
14.115684093437151,-19.02215110992547,-18.99754979024292
14.149054505005562,-19.121902718855743,-19.108020615108714
14.182424916573972,-19.21677239445164,-19.159856758587804
14.21579532814238,-19.306762245631216,-19.221728893343993
14.24916573971079,-19.391876813015145,-19.259928686133563
14.2825361512792,-19.472123060765355,-19.18426583157996
14.315906562847609,-19.547510366960488,-19.213115721601486
14.349276974416018,-19.618050512515016,-19.32442559206025
14.382647385984427,-19.683757668649086,-19.391573347565494
14.416017797552836,-19.744648382917724,-19.404610034625247
14.449388209121246,-19.800741563808288,-19.632763861438423
14.482758620689655,-19.85205846391646,-19.696000867584345
14.516129032258064,-19.89862266171167,-19.76634855605501
14.549499443826473,-19.940460041903815,-19.736104155144442
14.582869855394883,-19.97759877442395,-19.75655526065761
14.616240266963292,-20.010069292032693,-20.041053495640593
14.649610678531701,-20.03790426657057,-20.001184479418757
14.68298109010011,-20.061138583865716,-20.0022539763721
14.71635150166852,-20.079809317315032,-20.02945521615912
14.749721913236929,-20.09395570015576,-19.993690230304175
14.783092324805338,-20.10361909644518,-20.024322900489434
14.816462736373749,-20.108842970766975,-19.943592895491904
14.849833147942158,-20.109672856683865,-19.905013393418706
14.883203559510568,-20.106156323956228,-19.791290777940546
14.916573971078977,-20.098342944547973,-19.778248372841443
14.949944382647386,-20.0862842574412,-19.805313222478077
14.983314794215795,-20.07003373228195,-19.67839746360136
15.016685205784205,-20.049646731880387,-19.697948154328753
15.050055617352614,-20.02518047358897,-19.621452087081487
15.083426028921023,-19.99669398958349,-19.565723898001362
15.116796440489432,-19.964248086071798,-19.597061466418026
15.150166852057842,-19.92790530145652,-19.530550535183796
15.183537263626251,-19.88772986347793,-19.64444611055269
15.21690767519466,-19.84378764536439,-19.636303468459545
15.25027808676307,-19.79614612101796,-19.59676318256439
15.283648498331479,-19.7448743192638,-19.604815103157602
15.317018909899888,-19.690042777191984,-19.589234277185362
15.350389321468297,-19.631723492621614,-19.462874981751867
15.383759733036706,-19.569989875716992,-19.394231985162715
15.417130144605116,-19.504916699786676,-19.264166090450306
15.450500556173527,-19.43658005129633,-19.190628855987065
15.483870967741936,-19.36505727912715,-19.158087751994216
15.517241379310345,-19.29042694311167,-19.308767250371602
15.550611790878754,-19.212768761879722,-19.26766756185782
15.583982202447164,-19.13216356004729,-19.197210388122034
15.617352614015573,-19.048693214781572,-19.06556643718191
15.650723025583982,-18.962440601776127,-18.87169925175387
15.684093437152391,-18.873489540670036,-18.827526535790668
15.7174638487208,-18.781924739945577,-18.701423230985107
15.75083426028921,-18.687831741339107,-18.66196115897761
15.78420467185762,-18.59129686380017,-18.720283908713274
15.817575083426028,-18.49240714703427,-18.686975194456817
15.850945494994438,-18.39125029466479,-18.613431013858534
15.884315906562847,-18.287914617049793,-18.56510332913352
15.917686318131256,-18.182488973789837,-18.559880859466954
15.951056729699665,-18.075062715963,-18.473743894540277
15.984427141268075,-17.96572562812341,-18.372229619190406
16.017797552836484,-17.854567870099803,-18.215708402199933
16.051167964404893,-17.741679918630766,-18.169802887824222
16.084538375973302,-17.627152508873387,-18.03540724902977
16.11790878754171,-17.511076575822113,-18.021955118866533
16.15127919911012,-17.39354319567458,-17.94823530346336
16.18464961067853,-17.274643527181418,-18.047358659481223
16.21802002224694,-17.15446875301675,-17.876937711957115
16.25139043381535,-17.033110021206497,-17.650484402281002
16.284760845383758,-16.910658386650955,-17.554850989602446
16.318131256952167,-16.78720475277865,-17.389505641912617
16.351501668520577,-16.66283981336809,-17.16916548028338
16.384872080088986,-16.53765399457391,-16.967560053677687
16.418242491657395,-16.411737397193814,-16.817917452581938
16.451612903225808,-16.285179739212584,-16.613157569349525
16.484983314794217,-16.158070298659382,-16.392299963039644
16.518353726362626,-16.030497856813888,-16.326611257610274
16.551724137931036,-15.902550641797305,-16.21794928754813
16.585094549499445,-15.774316272583341,-16.160444565605285
16.618464961067854,-15.645881703464424,-15.901905915349438
16.651835372636263,-15.517333169008037,-15.937487910463675
16.685205784204673,-15.3887561295376,-15.847778739543857
16.718576195773082,-15.260235217172118,-15.734767132117442
16.75194660734149,-15.131854182458465,-15.647816857933092
16.7853170189099,-15.00369584162973,-15.501153926936725
16.81868743047831,-14.875842024522774,-15.366604772036828
16.85205784204672,-14.748373523187446,-15.252465975834289
16.885428253615128,-14.621370041219837,-15.049397929147196
16.918798665183537,-14.494910143851246,-15.005484991868306
16.952169076751947,-14.369071208824185,-14.891052007140742
16.985539488320356,-14.243929378086001,-14.731148820395108
17.018909899888765,-14.119559510330573,-14.4506838253084
17.052280311457174,-13.996035134417665,-14.28976416983141
17.085650723025584,-13.873428403699169,-14.124992746181867
17.119021134593993,-13.751810051280689,-14.093001988416757
17.152391546162402,-13.631249346246554,-13.926567790230196
17.18576195773081,-13.511814050875603,-13.783546927383554
17.21913236929922,-13.393570378874507,-13.616118042040377
17.25250278086763,-13.27658295465467,-13.428890670504877
17.28587319243604,-13.160914773678194,-13.49201485786976
17.31924360400445,-13.04662716389766,-13.295865245219817
17.352614015572858,-12.933779748313896,-13.030745752415148
17.385984427141267,-12.822430408674862,-12.934571081912294
17.419354838709676,-12.71263525033856,-12.728766082190766
17.452725250278085,-12.604448568321722,-12.59824667961213
17.486095661846495,-12.497922814555508,-12.466135009724432
17.519466073414904,-12.393108566368566,-12.426459201583548
17.552836484983313,-12.290054496217078,-12.198816590951875
17.586206896551722,-12.188807342680718,-11.989365340308309
17.61957730812013,-12.089411882742445,-11.714813814315546
17.65294771968854,-11.991910905369412,-11.55054553933832
17.68631813125695,-11.896345186411384,-11.547252038439083
17.71968854282536,-11.802753464832264,-11.401840442700738
17.753058954393772,-11.71117242028943,-11.233857865322047
17.78642936596218,-11.621636652074802,-11.160714474674243
17.81979977753059,-11.534178659430573,-11.089863913875096
17.853170189099,-11.448828823251901,-11.096066688159748
17.88654060066741,-11.365615389187697,-10.998912853336657
17.91991101223582,-11.28456445215005,-10.903276212885796
17.953281423804228,-11.205699942241658,-10.913903002075646
17.986651835372637,-11.129043612109989,-10.834023816079055
18.020022246941046,-11.054615025735831,-10.886061959559292
18.053392658509456,-10.982431548663083,-10.879585824492894
18.086763070077865,-10.912508339675643,-10.741994042553547
18.120133481646274,-10.84485834392639,-10.666064573088425
18.153503893214683,-10.779492287522432,-10.545970078769688
18.186874304783093,-10.716418673569606,-10.55344288615353
18.220244716351502,-10.655643779678586,-10.483032676572114
18.25361512791991,-10.597171656933938,-10.443505024751548
18.28698553948832,-10.541004130326357,-10.361141034668501
18.32035595105673,-10.487140800647776,-10.332350363229532
18.35372636262514,-10.435579047847668,-10.256270163540346
18.387096774193548,-10.386314035848379,-10.137851155688846
18.420467185761957,-10.339338718816023,-10.097681319829633
18.453837597330367,-10.294643848882854,-10.109164536042888
18.487208008898776,-10.252217985315884,-10.02896686728137
18.520578420467185,-10.21204750512584,-9.856544257656086
18.553948832035594,-10.174116615109352,-9.810081127019831
18.587319243604004,-10.138407365316684,-9.870067820020399
18.620689655172413,-10.10489966393613,-9.812742089469042
18.654060066740822,-10.07357129358555,-9.834237836767366
18.68743047830923,-10.044397929000379,-9.684656919668953
18.72080088987764,-10.01735315610684,-9.698960554473853
18.75417130144605,-9.992408492467991,-9.63339305910378
18.78754171301446,-9.969533409089522,-9.59645701062075
18.82091212458287,-9.948695353571207,-9.521943659817568
18.854282536151278,-9.929859774589236,-9.542423869755172
18.887652947719687,-9.912990147693765,-9.424723694067028
18.921023359288096,-9.898048002404998,-9.380622774000788
18.954393770856505,-9.884992950590696,-9.301744586287224
18.987764182424915,-9.873782716106726,-9.430015775612201
19.021134593993324,-9.864373165681918,-9.42256960918151
19.054505005561733,-9.856718341027346,-9.47472080300647
19.087875417130146,-9.850770492149625,-9.409108259010294
19.121245828698555,-9.846480111846867,-9.41699627423763
19.154616240266964,-9.8437959713654,-9.47052903822476
19.187986651835374,-9.842665157194444,-9.45910587318571
19.221357063403783,-9.843033108975312,-9.516960683878233
19.254727474972192,-9.844843658500963,-9.498154676182342
19.2880978865406,-9.84803906978098,-9.534669538946545
19.32146829810901,-9.85256008014665,-9.354356249241325
19.35483870967742,-9.858345942369803,-9.295888221201492
19.38820912124583,-9.865334467768598,-9.275193435862866
19.42157953281424,-9.873462070272877,-9.183046216176054
19.454949944382648,-9.882663811421068,-9.270996074514025
19.488320355951057,-9.89287344625987,-9.31095548559175
19.521690767519466,-9.904023470117648,-9.46236614273789
19.555061179087875,-9.916045166221686,-9.441766833758253
19.588431590656285,-9.928868654129095,-9.562340765542013
19.621802002224694,-9.942422938940506,-9.545527767434889
19.655172413793103,-9.956635961265233,-9.583039326778342
19.688542825361512,-9.971434647906216,-9.58678642015961
19.72191323692992,-9.986744963232375,-9.584117400803379
19.75528364849833,-10.002491961205903,-9.599917301677666
19.78865406006674,-10.018599838031225,-9.660558457434382
19.82202447163515,-10.034991985392217,-9.75441372847877
19.85539488320356,-10.0515910442439,-9.74441066256258
19.888765294771968,-10.068318959124378,-9.934428075743565
19.922135706340377,-10.085097032952358,-9.9372358090707
19.955506117908786,-10.101845982275606,-9.838518237421173
19.988876529477196,-10.118485992935117,-9.867855297608966
20.022246941045605,-10.134936776109653,-9.931196132548369
20.055617352614014,-10.15111762470492,-10.010179689679532
20.088987764182423,-10.166947470051655,-10.041967351006667
20.122358175750833,-10.182344938876456,-10.108233088548435
20.155728587319242,-10.19722841050929,-10.206805271975748
20.18909899888765,-10.211516074291113,-10.15573492786829
20.22246941045606,-10.225125987145198,-10.174691863588757
20.25583982202447,-10.237976131275568,-10.128466991396662
20.28921023359288,-10.249984471955887,-10.183492124491524
20.32258064516129,-10.261069015371802,-10.35598629827107
20.355951056729698,-10.271147866480263,-10.364102561696903
20.38932146829811,-10.280139286848827,-10.32033604383355
20.42269187986652,-10.287961752438209,-10.365916259977197
20.45606229143493,-10.29453401129126,-10.410840459061376
20.489432703003338,-10.299775141091766,-10.420047974263525
20.522803114571747,-10.303604606556194,-10.367154328575808
20.556173526140157,-10.305942316622213,-10.514526128746974
20.589543937708566,-10.3067086813973,-10.706374254002506
20.622914349276975,-10.305824668831246,-10.631969753726263
20.656284760845384,-10.30321186107645,-10.626323338501463
20.689655172413794,-10.298792510500245,-10.582419354822882
20.723025583982203,-10.29248959531332,-10.58399279324984
20.756395995550612,-10.284226874779012,-10.562734414856816
20.78976640711902,-10.273928943968086,-10.517810337333575
20.82313681868743,-10.261521288024387,-10.57133187510844
20.85650723025584,-10.246930335906361,-10.60485158994459
20.88987764182425,-10.23008351357056,-10.554682225886994
20.92324805339266,-10.210909296562862,-10.559743887025801
20.956618464961068,-10.189337261984043,-10.735963679306721
20.989988876529477,-10.165298139796626,-10.755350678453228
21.023359288097886,-10.138723863439893,-10.59544402454469
21.056729699666295,-10.109547619720969,-10.516429709437201
21.090100111234705,-10.077703897950261,-10.53909569402021
21.123470522803114,-10.043128538289308,-10.459535920253392
21.156840934371523,-10.005758779280708,-10.428318760810802
21.190211345939932,-9.965533304529336,-10.28698276774279
21.22358175750834,-9.92239228850505,-10.230268267421145
21.25695216907675,-9.876277441437729,-10.279292189634987
21.29032258064516,-9.82713205327557,-10.196250289964413
21.32369299221357,-9.774901036678697,-10.198480418144946
21.35706340378198,-9.719530969020418,-10.1905386591591
21.390433815350388,-9.660970133369162,-10.030855905855088
21.423804226918797,-9.599168558424768,-9.990298439995078
21.457174638487206,-9.534078057383514,-9.976711299458032
21.490545050055616,-9.465652265706716,-9.996509120251472
21.523915461624025,-9.393846677768916,-9.924518031496712
21.557285873192434,-9.31861868236156,-9.758485782726112
21.590656284760843,-9.239927597029656,-9.60542624980263
21.624026696329253,-9.157734701219152,-9.58302792323113
21.657397107897662,-9.072003268213434,-9.410075912105379
21.690767519466075,-8.982698595838448,-9.152882777151081
21.724137931034484,-8.889788035916553,-9.00536930549961
21.757508342602893,-8.793241022449692,-8.944216885284655
21.790878754171302,-8.693029098514042,-8.771578175358268
21.82424916573971,-8.589125941848176,-8.717689009727039
21.85761957730812,-8.48150738911826,-8.735050685526009
21.89098998887653,-8.370151458844354,-8.676606219630969
21.92436040044494,-8.255038372972795,-8.53105669667463
21.95773081201335,-8.136150577080386,-8.315860768141098
21.991101223581758,-8.013472759197201,-8.144489647715401
22.024471635150167,-7.886991867235379,-8.055284802960246
22.057842046718577,-7.756697125012445,-7.8419542162794915
22.091212458286986,-7.6225800468582925,-7.750973052457022
22.124582869855395,-7.484634450796176,-7.627161803642676
22.157953281423804,-7.342856470288505,-7.4624868160518965
22.191323692992214,-7.1972445645396945,-7.246368629104518
22.224694104560623,-7.047799527348742,-6.928157150331435
22.258064516129032,-6.894524494505325,-6.756379726011878
22.29143492769744,-6.737424949724122,-6.525275357374904
22.32480533926585,-6.576508729113023,-6.265927538777548
22.35817575083426,-6.411786024171496,-6.075343180314916
22.39154616240267,-6.243269383316877,-5.910610237563504
22.42491657397108,-6.070973711936679,-5.782269174892143
22.458286985539488,-5.894916270966315,-5.545962539550139
22.491657397107897,-5.715116673992378,-5.382813672362945
22.525027808676306,-5.531596882882709,-5.133472974734895
22.558398220244715,-5.3443812019450725,-4.909226561838285
22.591768631813125,-5.153496270617696,-4.7804341800683545
22.625139043381534,-4.958971054695357,-4.530363040466167
22.658509454949943,-4.760836836095882,-4.372545937336131
22.691879866518352,-4.559127201172773,-4.04709557918345
22.72525027808676,-4.3538780275807,-3.841094176712838
22.75862068965517,-4.145127469701077,-3.6540965847727267
22.79199110122358,-3.932915942636585,-3.426495566623439
22.82536151279199,-3.7172861047837085,-3.2370144310461955
22.8587319243604,-3.4982828389935166,-3.01482390200385
22.892102335928808,-3.2759532323319345,-2.690373858450448
22.925472747497217,-3.050346554451364,-2.2976393102950015
22.958843159065626,-2.821514234586662,-2.264870139709531
22.992213570634036,-2.5895098371889755,-1.9057160617082545
23.02558398220245,-2.3543890362122006,-1.6726203733322222
23.058954393770858,-2.1162095880675573,-1.5130477051039672
23.092324805339267,-1.875031303262117,-1.307536144672371
23.125695216907676,-1.63091601673898,-1.0482671639592707
23.159065628476085,-1.3839275569364555,-0.7566746363182989
23.192436040044495,-1.1341317135852247,-0.5854432276453685
23.225806451612904,-0.8815962042629528,-0.41332056923746535
23.259176863181313,-0.6263906397265986,-0.2523434246774523
23.292547274749722,-0.3685864880433183,-0.1219619341469747
23.32591768631813,-0.10825703754209925,0.29344055749213144
23.35928809788654,0.15452264139179483,0.46771052517404255
23.39265850945495,0.419675735655904,0.7184545784127567
23.42602892102336,0.6871237298793886,1.0301018385380227
23.45939933259177,0.9567864479570343,1.339647510818809
23.492769744160178,1.2285820956428557,1.5512275826450002
23.526140155728587,1.502427304177302,1.966050653371077
23.559510567296996,1.7782371749218147,2.245467149619767
23.592880978865406,2.0559253249727942,2.5240974324866015
23.626251390433815,2.335403933727567,2.67440829883491
23.659621802002224,2.6165837903736477,2.8885186686151414
23.692992213570633,2.899374342272158,3.1163714319082367
23.726362625139043,3.183683744206003,3.330883077367875
23.759733036707452,3.469418908462213,3.6566884564539155
23.79310344827586,3.756485555718096,3.9351209106977088
23.82647385984427,4.04478826669984,4.221225455700371
23.85984427141268,4.334230534581745,4.528527667625229
23.89321468298109,4.624714818094084,4.881628278037837
23.926585094549498,4.916142595306905,5.167553605038419
23.959955506117907,5.208414418056537,5.3804417501633335
23.993325917686317,5.501429966981884,5.6648930754232945
24.026696329254726,5.79508810713595,6.052265380055326
24.060066740823135,6.089286944138847,6.485516835201733
24.093437152391544,6.383923880837796,6.764393021537445
24.126807563959954,6.678895674438916,6.979527126040477
24.160177975528363,6.9740984940758635,7.237306710986401
24.193548387096772,7.269427978779976,7.4585667338438295
24.22691879866518,7.5647792958158675,7.698623963158327
24.26028921023359,7.8600471993470435,7.955007267549475
24.293659621802,8.155126089394948,8.300108415692996
24.327030033370413,8.449910071055323,8.432211543634008
24.360400444938822,8.744293013935467,8.678858145253269
24.39377085650723,9.038168611775633,9.072282515569432
24.42714126807564,9.331430442217911,9.401146233903207
24.46051167964405,9.623972026685628,9.698504240401551
24.49388209121246,9.91568689033641,9.985719110547853
24.52725250278087,10.20646862205218,10.266339342079375
24.560622914349278,10.496210934428577,10.553022381501558
24.593993325917687,10.784807723727392,10.736380167709097
24.627363737486096,11.0721531297546,11.077074646607446
24.660734149054505,11.358141595627202,11.341720042645333
24.694104560622915,11.64266792739224,11.542740656539642
24.727474972191324,11.925627353460802,11.700943998283401
24.760845383759733,12.206915583820532,11.903641985114156
24.794215795328142,12.48642886899042,12.176273303458183
24.82758620689655,12.764064058680898,12.370331004982438
24.86095661846496,13.039718660123567,12.6665369636143
24.89432703003337,13.313290896034326,13.049062423437881
24.92769744160178,13.584679762174128,13.280828104725654
24.96106785317019,13.853785084472044,13.457315499731692
24.994438264738598,14.120507575675216,13.67555938776465
25.027808676307007,14.38474889149066,13.960888304969998
25.061179087875416,14.64641168618465,14.277308776898934
25.094549499443826,14.90539966760496,14.464593679528065
25.127919911012235,15.161617651592309,14.826154393445458
25.161290322580644,15.414971615747247,15.016868847355967
25.194660734149053,15.665368752519498,15.332470104596496
25.228031145717463,15.912717521586949,15.601312015146073
25.261401557285872,16.156927701491853,15.857863642614559
25.29477196885428,16.397910440502507,16.02119198360052
25.32814238042269,16.635578306669203,16.271120860492616
25.3615127919911,16.86984533704321,16.572630091392742
25.39488320355951,17.100627086028766,16.66553614172537
25.428253615127918,17.3278406728382,16.97093629352824
25.461624026696327,17.551404828020736,17.23579293008103
25.494994438264737,17.771239939036693,17.420603724596905
25.528364849833146,17.98726809484858,17.549544357100572
25.561735261401555,18.199413129501878,17.748759041171922
25.595105672969964,18.407600664668642,17.978730965095664
25.628476084538377,18.61175815112766,18.12315656724655
25.661846496106786,18.811814909155558,18.388649143686354
25.695216907675196,19.007702167804304,18.631905030395803
25.728587319243605,19.199353103040515,18.822129850820343
25.761957730812014,19.386702874723454,18.922848052636887
25.795328142380423,19.569688662398836,19.13376999243329
25.828698553948833,19.748249699886436,19.329281737046998
25.862068965517242,19.922327308640295,19.401134731473427
25.89543937708565,20.091864929860993,19.59198003431895
25.92880978865406,20.25680815534038,19.773898288057318
25.96218020022247,20.4171047570197,19.926723850138252
25.99555061179088,20.57270471524306,20.040027492605827
26.02892102335929,20.72356024568903,20.265882721540716
26.062291434927698,20.869625824963695,20.349652699277684
26.095661846496107,21.010858214839665,20.61288276603913
26.129032258064516,21.147216485126176,20.717813745308522
26.162402669632925,21.27866203515628,20.796694631332844
26.195773081201335,21.405158613878143,21.065879625575267
26.229143492769744,21.526672338538162,21.162250221364996
26.262513904338153,21.643171711944426,21.372377747939236
26.295884315906562,21.754627638300338,21.516175064631504
26.32925472747497,21.86101343759853,21.606870348102838
26.36262513904338,21.96230485856656,21.703926870661743
26.39599555061179,22.05848009015656,21.850469684563095
26.4293659621802,22.14951977157198,22.04452606278664
26.46273637374861,22.23540700082543,22.215863082819705
26.496106785317018,22.316127341822604,22.28191332259402
26.529477196885427,22.391668829968136,22.429380994503113
26.562847608453836,22.46202197629021,22.47897287473335
26.596218020022246,22.527179770081542,22.512461408008317
26.629588431590655,22.587137680055534,22.62481294686959
26.662958843159064,22.64189365401698,22.57984092421128
26.696329254727473,22.691448117047912,22.5592034138187
26.729699666295883,22.73580396820998,22.629720141836223
26.763070077864292,22.77496657576566,22.76029660673585
26.7964404894327,22.808943770921573,22.865271782326925
26.82981090100111,22.837745840098094,22.835692643308832
26.86318131256952,22.861385515730312,22.926254678369837
26.89655172413793,22.87987796560634,22.8642687370556
26.929922135706338,22.893240780749927,22.88315531156669
26.96329254727475,22.901493961855177,22.922200032030208
26.99666295884316,22.904659904282035,22.859102132369628
27.03003337041157,22.90276338162225,22.89966797304876
27.06340378197998,22.895831527846262,22.970005485606833
27.096774193548388,22.88389381804238,23.159459975493757
27.130144605116797,22.866982047760622,23.104490873025227
27.163515016685206,22.84513031097413,23.140310892677785
27.196885428253616,22.81837497667241,23.091057607061426
27.230255839822025,22.786754664101093,22.98571433801534
27.263626251390434,22.75031021666386,23.032077965836276
27.296996662958843,22.709084674503146,23.015998130292882
27.330367074527253,22.663123245776934,22.919734017911534
27.363737486095662,22.61247327664969,22.75839093446394
27.39710789766407,22.5571842200166,22.717691654096672
27.43047830923248,22.497307602980513,22.673552643785847
27.46384872080089,22.432896993102407,22.626837062454122
27.4972191323693,22.364007963446554,22.63963867112152
27.530589543937708,22.290698056442203,22.74514968085519
27.563959955506117,22.213026746584884,22.628016988748655
27.597330367074527,22.13105540200049,22.529797333236836
27.630700778642936,22.044847244896484,22.30834846788976
27.664071190211345,21.954467310925136,22.29597621764086
27.697441601779754,21.859982407484083,22.23427300814827
27.730812013348164,21.76146107098073,22.130039237290735
27.764182424916573,21.65897352308722,22.137416098628453
27.797552836484982,21.55259162601325,22.053239697811716
27.83092324805339,21.44238883682516,21.853595937772003
27.8642936596218,21.3284401608397,21.69211712098916
27.89766407119021,21.21082210412184,21.557010162022888
27.93103448275862,21.089612625116395,21.472570499488803
27.96440489432703,20.964891085443742,21.383770457429616
27.997775305895438,20.836738199890586,21.3409437505629
28.031145717463847,20.705235985627137,21.259912876846233
28.064516129032256,20.57046771068228,21.11679583195425
28.097886540600665,20.432517841709387,20.911723304700732
28.131256952169075,20.291471991075245,20.75394053609905
28.164627363737484,20.147416863305263,20.60324545488647
28.197997775305893,20.00044020091871,20.336177689498133
28.231368186874302,19.850630729687506,20.28057294390264
28.264738598442715,19.698078103353204,20.157548793494694
28.298109010011125,19.542872847836694,20.04644512195429
28.331479421579534,19.38510630497522,19.761436103335583
28.364849833147943,19.224870575822486,19.702417757542275
28.398220244716352,19.062258463546684,19.49592931777231
28.43159065628476,18.897363415962694,19.303396997157346
28.46496106785317,18.730279467734153,19.13147789491446
28.49833147942158,18.56110118228138,18.905442517809224
28.53170189098999,18.389923593431842,18.80929902198895
28.5650723025584,18.216842146849356,18.548784198711207
28.598442714126808,18.04195264127865,18.267998937526258
28.631813125695217,17.865351169642235,18.152345806744677
28.665183537263626,17.687134060025937,18.07219551387703
28.698553948832036,17.507397816590412,17.986974039328693
28.731924360400445,17.32623906044542,17.722540522846288
28.765294771968854,17.1437544705234,17.49244332212205
28.798665183537263,16.96004072448989,17.38881799353446
28.832035595105673,16.775194439727176,17.089545105085985
28.865406006674082,16.58931211442822,16.820379158202055
28.89877641824249,16.40249006883768,16.60373136813478
28.9321468298109,16.214824386676312,16.29931747645009
28.96551724137931,16.026410856785862,16.148527412566704
28.99888765294772,15.837344915030407,15.95301211451293
29.032258064516128,15.647721586490409,15.676384451930339
29.065628476084537,15.457635427985753,15.388595912324535
29.098998887652947,15.267180470963371,15.13673952270894
29.132369299221356,15.076450164785147,14.820487915825197
29.165739710789765,14.885537320451395,14.454925916528264
29.199110122358174,14.694534054794877,14.303375693072885
29.232480533926584,14.503531735180356,14.135857998261805
29.265850945494993,14.312620924743925,13.978781414139572
29.299221357063402,14.1218913282061,13.806331534745802
29.33259176863181,13.931431738292678,13.649381254468176
29.36596218020022,13.741329982796506,13.462175752776648
29.39933259176863,13.551672872313064,13.153848409176689
29.43270300333704,13.362546148682531,13.053922729399613
29.46607341490545,13.17403443417011,12.853872196780035
29.499443826473858,12.986221181416454,12.585967569851821
29.532814238042267,12.79918862418922,12.450050025539994
29.566184649610676,12.61301772896618,12.230861280486272
29.59955506117909,12.427788147380058,11.924305856940588
29.632925472747498,12.243578169554794,11.831408014154682
29.666295884315907,12.060464678361694,11.678803990861379
29.699666295884317,11.878523104624415,11.272958915903912
29.733036707452726,11.69782738330008,10.99587387655855
29.766407119021135,11.518449910663882,10.88646809284632
29.799777530589544,11.340461502523723,10.758383693992753
29.833147942157954,11.16393135349064,10.628506177654948
29.866518353726363,10.988926997330292,10.516415429788808
29.899888765294772,10.815514268419905,10.292163938359053
29.93325917686318,10.643757264334667,10.12498153580997
29.96662958843159,10.473718309586584,10.067418784671093
30.0,10.305457920538025,9.981767967751551
